id,name,city,province,lat,lng,has_er,data_source,wait_metric,stat_type,has_publisher_feed
ab_airdriecommunityheal,Airdrie Community Health Centre,Airdrie,AB,51.287022,-114.013389,t,ahs,time_to_physician,current_estimate,t
ab_albertachildrenshos,Alberta Children's Hospital,Calgary,AB,51.074674,-114.146892,t,ahs,time_to_physician,current_estimate,t
ab_athabascahealthcarec,Athabasca Healthcare Centre,Athabasca,AB,54.71724,-113.254056,t,ab_ahs_llm,time_to_physician,current_estimate,f
ab_barrheadhealthcarece,Barrhead Healthcare Centre,Barrhead,AB,54.119704,-114.400168,t,ab_ahs_llm,time_to_physician,current_estimate,f
ab_bassanohealthcentre,Bassano Health Centre,Bassano,AB,50.789262,-112.461057,t,,time_to_physician,current_estimate,f
ab_beaverlodgemunicipal,Beaverlodge Municipal Hospital,Beaverlodge,AB,55.21361,-119.424093,t,ab_ahs_llm,time_to_physician,current_estimate,f
ab_bigcountryhospital,Big Country Hospital,Oyen,AB,51.351289,-110.479297,t,ab_ahs_llm,time_to_physician,current_estimate,f
ab_bonnyvillecommunityc,Bonnyville Community Cancer Centre,Bonnyville,AB,54.26373,-110.7393,t,,time_to_physician,current_estimate,f
ab_bonnyvillehealthcent,Bonnyville Health Centre,Bonnyville,AB,54.263753,-110.741492,t,,time_to_physician,current_estimate,f
ab_bowislandhealthcentr,Bow Island Health Centre,Bow Island,AB,49.865548,-111.379399,t,ab_ahs_llm,time_to_physician,current_estimate,f
ab_boylehealthcarecentr,Boyle Healthcare Centre,Boyle,AB,54.588366,-112.801974,t,ab_ahs_llm,time_to_physician,current_estimate,f
ab_brookshealthcentre,Brooks Health Centre,Brooks,AB,50.567656,-111.890977,t,,time_to_physician,current_estimate,f
ab_canmoregeneralhospit,Canmore General Hospital,Canmore,AB,51.09301,-115.350651,t,,time_to_physician,current_estimate,f
ab_cardstonhealthcentre,Cardston Health Centre,Cardston,AB,49.201947,-113.305761,t,,time_to_physician,current_estimate,f
ab_centralpeacehealthco,Central Peace Health Complex,Spirit River,AB,55.776981,-118.838754,t,ab_ahs_llm,time_to_physician,current_estimate,f
ab_chinookregionalhospi,Chinook Regional Hospital,Lethbridge,AB,49.68535,-112.815185,t,ahs,time_to_physician,current_estimate,t
ab_claresholmgeneralhos,Claresholm General Hospital,Claresholm,AB,50.018656,-113.582623,t,,time_to_physician,current_estimate,f
ab_cochranecommunityhe,Cochrane Community Health Centre,Cochrane,AB,51.185046,-114.47305,t,ahs,time_to_physician,current_estimate,t
ab_coldlakehealthcarece,Cold Lake Healthcare Centre,Cold Lake,AB,54.465874,-110.199018,t,,time_to_physician,current_estimate,f
ab_consorthospital,Consort Hospital,Consort,AB,52.00984,-110.782018,t,manual_override,time_to_physician,current_estimate,f
ab_coronationhspitalcar,Coronation Hspital & Care Centre,Coronation,AB,52.096264,-111.459203,t,ab_ahs_llm,time_to_physician,current_estimate,f
ab_covenanthealthourlad,Covenant Health Our Lady of the Rosary Hospital,Castor,AB,52.22344,-111.906862,t,,time_to_physician,current_estimate,f
ab_crowsnestpasshealthc,Crowsnest Pass Health Centre,Blairmore,AB,49.613174,-114.473625,t,,time_to_physician,current_estimate,f
ab_dayslandhealthcentre,Daysland Health Centre,Daysland,AB,52.868425,-112.272521,t,,time_to_physician,current_estimate,f
ab_devongeneralhospital,Devon General Hospital,Devon,AB,53.351493,-113.730785,t,ahs,time_to_physician,current_estimate,t
ab_didsburydistrictheal,Didsbury District Health Services,Didsbury,AB,51.661795,-114.123674,t,,time_to_physician,current_estimate,f
ab_draytonvalleyhospita,Drayton Valley Hospital & Care Centre,Drayton Valley,AB,53.211841,-114.969193,t,,time_to_physician,current_estimate,f
ab_drumhellerhealthcent,Drumheller Health Centre,Drumheller,AB,51.469807,-112.725934,t,,time_to_physician,current_estimate,f
ab_elkpointhealthcarece,Elk Point Healthcare Centre,Elk Point,AB,53.896974,-110.905805,t,,time_to_physician,current_estimate,f
ab_fairviewhealthcomple,Fairview Health Complex,Fairview,AB,56.070966,-118.384552,t,,time_to_physician,current_estimate,f
ab_foothillsmedicalcent,Foothills Medical Centre,Calgary,AB,51.064283,-114.133948,t,ahs,time_to_physician,current_estimate,t
ab_fortmacleodhealthcen,Fort Macleod Health Centre,Fort Macleod,AB,49.726332,-113.393247,t,ab_ahs_llm,time_to_physician,current_estimate,f
ab_fortsaskatchewancomm,Fort Saskatchewan Community Hospital,Fort Saskatchewan,AB,53.693159,-113.213229,t,ahs,time_to_physician,current_estimate,t
ab_fortsaskatchewanheal,Fort Saskatchewan Health Centre,Fort Saskatchewan,AB,53.703321,-113.222524,t,,time_to_physician,current_estimate,f
ab_foxcreekhealthcarece,Fox Creek Health Care Centre,Fox Creek,AB,54.404643,-116.801403,t,,time_to_physician,current_estimate,f
ab_greynunscommunityhos,Grey Nuns Community Hospital,Edmonton,AB,53.461583,-113.429724,t,ahs,time_to_physician,current_estimate,t
ab_grimshawberwynanddis,Grimshaw / Berwyn and District Community Health Centre,Grimshaw,AB,56.190388,-117.62725,t,ab_ahs_llm,time_to_physician,current_estimate,f
ab_hannahealthcentre,Hanna Health Centre,Hanna,AB,51.648919,-111.928204,t,,time_to_physician,current_estimate,f
ab_hardistyhealthcentre,Hardisty Health Centre,Hardisty,AB,52.669316,-111.307616,t,ab_ahs_llm,time_to_physician,current_estimate,f
ab_highprairiehealthcom,High Prairie Health Complex,High Prairie,AB,55.431645,-116.454926,t,,time_to_physician,current_estimate,f
ab_highrivergeneralhosp,High River General Hospital,High River,AB,50.575103,-113.879948,t,,time_to_physician,current_estimate,f
ab_hintonhealthcarecent,Hinton Healthcare Centre,Hinton,AB,53.398281,-117.58529,t,ab_ahs_llm,time_to_physician,current_estimate,f
ab_innisfailhealthcentr,Innisfail Health Centre,Innisfail,AB,52.019015,-113.95144,t,ahs,time_to_physician,current_estimate,f
ab_jaspersetonhealthcar,Jasper (Seton) Healthcare Centre,Jasper,AB,52.876107,-118.084299,t,,time_to_physician,current_estimate,f
ab_killamgeneralhospita,Killam General Hospital,Killam,AB,52.788934,-111.859543,t,,time_to_physician,current_estimate,f
ab_laclabichehealthcare,LAC LA BICHE HEALTHCARE CENTRE,Lac La Biche,AB,54.764751,-111.964494,t,,time_to_physician,current_estimate,f
ab_lacombehospitalcarec,Lacombe Hospital & Care Centre,Lacombe,AB,52.460677,-113.741104,t,ahs,time_to_physician,current_estimate,f
ab_lamonthealthcarecent,Lamont Health Care Centre,Lamont,AB,53.762612,-112.788581,t,,time_to_physician,current_estimate,f
ab_leduccommunityhospit,Leduc Community Hospital,Leduc,AB,53.254836,-113.545331,t,ahs,time_to_physician,current_estimate,t
ab_mayerthorpehealthcar,Mayerthorpe Health Care Centre,Mayerthorpe,AB,53.952194,-115.147217,t,,time_to_physician,current_estimate,f
ab_medicinehatregionalh,Medicine Hat Regional Hospital,Medicine Hat,AB,50.034733,-110.702725,t,ahs,time_to_physician,current_estimate,t
ab_milkriverhealthcentr,Milk River Health Centre,Milk River,AB,49.148256,-112.076354,t,,time_to_physician,current_estimate,f
ab_misericordiacommunit,Misericordia Community Hospital,Edmonton,AB,53.521028,-113.61232,t,ahs,time_to_physician,current_estimate,t
ab_northeastcommunityhe,Northeast Community Health Centre,Edmonton,AB,53.604272,-113.417472,t,ahs,time_to_physician,current_estimate,t
ab_northernlightsregion,Northern Lights Regional Health Centre,Fort McMurray,AB,56.716352,-111.362239,t,ahs,time_to_physician,current_estimate,t
ab_oilfieldsgeneralhosp,Oilfields General Hospital,Diamond Valley,AB,50.678014,-114.234413,t,,time_to_physician,current_estimate,f
ab_okotokshealthwellnes,Okotoks Health and Wellness Centre,Okotoks,AB,50.707604,-113.972141,t,ahs,time_to_physician,current_estimate,t
ab_oldshospitalcarecent,Olds Hospital & Care Centre,Olds,AB,51.801313,-114.117835,t,ab_ahs_llm,time_to_physician,current_estimate,f
ab_peacerivercommunityh,Peace River Community Health Centre,Peace River,AB,56.231053,-117.354442,t,,time_to_physician,current_estimate,f
ab_peterlougheedcentre,Peter Lougheed Centre,Calgary,AB,51.078059,-113.98295,t,ahs,time_to_physician,current_estimate,t
ab_ponokahospitalandcar,Ponoka Hospital and Care Centre,Ponoka,AB,52.684724,-113.589511,t,,time_to_physician,current_estimate,f
ab_provosthealthcentre,Provost Health Centre,Provost,AB,52.357969,-110.26484,t,,time_to_physician,current_estimate,f
ab_queenelizabethiihosp,Queen Elizabeth Ii Hospital,Grande Prairie,AB,55.175292,-118.786568,t,ahs,time_to_physician,current_estimate,t
ab_raymondhealthcentre,Raymond Health Centre,Raymond,AB,49.4647,-112.650584,t,,time_to_physician,current_estimate,f
ab_reddeerregionalhospi,Red Deer Regional Hospital Centre,Red Deer,AB,52.260779,-113.818671,t,ahs,time_to_physician,current_estimate,t
ab_redwaterhealthcentre,Redwater Health Centre,Redwater,AB,53.949599,-113.125581,t,,time_to_physician,current_estimate,f
ab_rimbeyhospitalcarece,Rimbey Hospital & Care Centre,Rimbey,AB,52.639697,-114.245959,t,,time_to_physician,current_estimate,f
ab_rockyviewgeneralhosp,Rockyview General Hospital,Calgary,AB,50.989822,-114.096632,t,ahs,time_to_physician,current_estimate,t
ab_royalalexandrahospit,Royal Alexandra Hospital,Edmonton,AB,53.557387,-113.497772,t,ahs,time_to_physician,current_estimate,t
ab_sacredheartcommunity,Sacred Heart Community Health Centre,McLennan,AB,55.710475,-116.914218,t,ab_ahs_llm,time_to_physician,current_estimate,f
ab_sheldonmchumircentre,Sheldon M. Chumir Health Centre,Calgary,AB,51.04152,-114.071972,t,ahs,time_to_physician,current_estimate,t
ab_smokylakegeorgemcdou,Smoky Lake (George Mcdougall Memorial) Healthcare Centre,Smoky Lake,AB,54.121133,-112.465024,t,ab_ahs_llm,time_to_physician,current_estimate,f
ab_southcalgaryhealthce,South Calgary Health Centre,Calgary,AB,50.90275,-114.059027,t,ahs,time_to_physician,current_estimate,t
ab_southhealthcampus,South Health Campus,Calgary,AB,50.882076,-113.951144,t,ahs,time_to_physician,current_estimate,t
ab_southhealthcampusch,South Health Campus - Children's Emergency,Calgary,AB,50.881394,-113.952414,t,ahs,time_to_physician,current_estimate,t
ab_stettlerhospitalcare,Stettler Hospital & Care Centre,Stettler,AB,52.323974,-112.72346,t,,time_to_physician,current_estimate,f
ab_stjosephsgeneralhosp,St. Joseph's General Hospital - Vegreville,Vegreville,AB,53.493974,-112.033805,t,,time_to_physician,current_estimate,f
ab_stmaryscamrose,St. Mary's Camrose,Camrose,AB,53.014293,-112.83054,t,,time_to_physician,current_estimate,f
ab_stolleryschildrensh,Stollery Children's Hospital,Edmonton,AB,53.520765,-113.52101,t,ahs,time_to_physician,current_estimate,t
ab_stpaulhealthcarecent,St. Paul Healthcare Centre,St Paul,AB,53.988844,-111.29045,t,,time_to_physician,current_estimate,f
ab_strathconacommunityh,Strathcona Community Hospital,Sherwood Park,AB,53.568056,-113.276389,t,ahs,time_to_physician,current_estimate,t
ab_strathmoredistricthe,Strathmore District Health Services,Strathmore,AB,51.060882,-113.386513,t,,time_to_physician,current_estimate,f
ab_sttheresageneralhosp,St. Theresa General Hospital,Fort Vermilion,AB,58.385884,-116.012207,t,,time_to_physician,current_estimate,f
ab_sturgeoncommunityhos,Sturgeon Community Hospital,St Albert,AB,53.65524,-113.625711,t,ahs,time_to_physician,current_estimate,t
ab_sundrehospitalcarece,Sundre Hospital & Care Centre,Sundre,AB,51.807789,-114.635486,t,,time_to_physician,current_estimate,f
ab_swanhillshealthcarec,Swan Hills Healthcare Centre,Swan Hills,AB,54.72748,-115.403079,t,ab_ahs_llm,time_to_physician,current_estimate,f
ab_taberhealthcentre,Taber Health Centre,Taber,AB,49.785013,-112.165138,t,,time_to_physician,current_estimate,f
ab_threehillshealthcent,Three Hills Health Centre,Three Hills,AB,51.707802,-113.251086,t,,time_to_physician,current_estimate,f
ab_tofieldhealthcentre,Tofield Health Centre,Tofield,AB,53.372657,-112.651099,t,ab_ahs_llm,time_to_physician,current_estimate,f
ab_twohillshealthcentre,Two Hills Health Centre,Two Hills,AB,53.713201,-111.731815,t,ab_ahs_llm,time_to_physician,current_estimate,f
ab_universityofalbertah,University of Alberta Hospital and Stollery Children's Hospital,Edmonton,AB,53.520634,-113.524527,t,ahs,time_to_physician,current_estimate,t
ab_valleyviewhealthcent,Valleyview Health Centre,Valleyview,AB,55.066647,-117.273404,t,ab_ahs_llm,time_to_physician,current_estimate,f
ab_vermilionhealthcentr,Vermilion Health Centre,Vermilion,AB,53.354773,-110.873079,t,,time_to_physician,current_estimate,f
ab_vikinghealthcentre,Viking Health Centre,Viking,AB,53.099663,-111.776445,t,,time_to_physician,current_estimate,f
ab_vulcancommunityhealt,Vulcan Community Health Centre,Vulcan,AB,50.396101,-113.2588,t,,time_to_physician,current_estimate,f
ab_wainwrighthealthcent,Wainwright Health Centre,Wainwright,AB,52.840949,-110.865862,t,,time_to_physician,current_estimate,f
ab_westlockhealthcarece,Westlock Healthcare Centre (h),Westlock,AB,54.14653,-113.853259,t,ab_ahs_llm,time_to_physician,current_estimate,f
ab_westviewhealthcentre,Westview Health Centre,Stony Plain,AB,53.537465,-113.977133,t,ahs,time_to_physician,current_estimate,t
ab_wetaskiwinhospitalca,Wetaskiwin Hospital & Care Centre,Wetaskiwin,AB,52.986764,-113.367947,t,,time_to_physician,current_estimate,f
ab_whitecourthealthcare,Whitecourt Healthcare Centre,Whitecourt,AB,54.131598,-115.674435,t,,time_to_physician,current_estimate,f
bc_100miledistrictgener,100 Mile District General Hospital,100 Mile House,BC,51.637671,-121.293053,t,bc_interior_health_ed_status_llm,time_to_physician,current_estimate,f
bc_abbotsfordregionalho,Abbotsford Regional Hospital and Cancer Care,Abbotsford,BC,49.041893,-122.295136,t,edwaittimes,time_to_physician,current_estimate,t
bc_arrowlakeshospital,Arrow Lakes Hospital,Nakusp,BC,50.238282,-117.795971,t,,time_to_physician,current_estimate,f
bc_bcchildrenshospital,BC Children's Hospital,Vancouver,BC,49.2454172,-123.1235782,t,edwaittimes,time_to_physician,current_estimate,t
bc_boundaryhospital,Boundary Hospital,Grand Forks,BC,49.02955,-118.468238,t,,time_to_physician,current_estimate,f
bc_bulkleyvalleydistric,Bulkley Valley District Hospital,Smithers,BC,54.785021,-127.163422,t,bc_northern_health_ed_status_llm,time_to_physician,current_estimate,f
bc_burnabyhospital,Burnaby Hospital,Burnaby,BC,49.249479,-123.015787,t,edwaittimes,time_to_physician,current_estimate,t
bc_campbellriveranddist,Campbell River and District Regional Hospital,Campbell River,BC,50.009834,-125.242771,t,island_health,time_to_physician,current_estimate,t
bc_cariboomemorialhospi,Cariboo Memorial Hospital and Health Centre,Williams Lake,BC,52.13747,-122.143729,t,bc_interior_health_ed_status_llm,time_to_physician,current_estimate,f
bc_chetwyndgeneralhospi,Chetwynd General Hospital and Health Centre,Chetwynd,BC,55.696217,-121.644705,t,bc_northern_health_ed_status_llm,time_to_physician,current_estimate,f
bc_chilliwackgeneralhos,Chilliwack General Hospital,Chilliwack,BC,49.166993,-121.963068,t,edwaittimes,time_to_physician,current_estimate,t
bc_cowichandistricthosp,Cowichan District Hospital,Duncan,BC,48.785009,-123.723323,t,island_health,time_to_physician,current_estimate,t
bc_crestonvalleyhospita,Creston Valley Hospital,Creston,BC,49.098702,-116.50831,t,,time_to_physician,current_estimate,f
bc_dawsoncreekanddistri,Dawson Creek and District Hospital,Dawson Creek,BC,55.749633,-120.23581,t,bc_northern_health_ed_status_llm,time_to_physician,current_estimate,f
bc_deltahospital,Delta Hospital,Delta,BC,49.085677,-123.061884,t,edwaittimes,time_to_physician,current_estimate,t
bc_drhelmckenmemorialho,Dr. Helmcken Memorial Hospital and Health Centre,Clearwater,BC,51.645342,-120.018183,t,bc_interior_health_ed_status_llm,time_to_physician,current_estimate,f
bc_eagleridgehospital,Eagle Ridge Hospital,Port Moody,BC,49.285359,-122.824056,t,edwaittimes,time_to_physician,current_estimate,t
bc_eastkootenayregional,East Kootenay Regional Hospital,Cranbrook,BC,49.512422,-115.749993,t,,time_to_physician,current_estimate,f
bc_elkvalleyhospital,Elk Valley Hospital,Fernie,BC,49.513692,-115.056031,t,,time_to_physician,current_estimate,f
bc_fortstjohnhospital,Fort St. John Hospital,Fort St John,BC,56.256138,-120.816339,t,bc_northern_health_ed_status_llm,time_to_physician,current_estimate,f
bc_frasercanyonhospital,Fraser Canyon Hospital,Hope,BC,49.376838,-121.424275,t,,time_to_physician,current_estimate,f
bc_goldenanddistrictgen,Golden and District General Hospital,Golden,BC,51.296483,-116.966602,t,,time_to_physician,current_estimate,f
bc_grbakermemorialhospi,g.r. Baker Memorial Hospital,Quesnel,BC,52.981408,-122.499556,t,bc_northern_health_ed_status_llm,time_to_physician,current_estimate,f
bc_haidagwaiihospitalan,Haida Gwaii Hospital and Health Centre (South End),Queen Charlotte,BC,53.254868,-132.070526,t,bc_northern_health_ed_status_llm,time_to_physician,current_estimate,f
bc_invermereanddistrict,Invermere and District Hospital/Columbia Valley,Invermere,BC,50.506754,-116.033412,t,,time_to_physician,current_estimate,f
bc_kelownageneralhospit,Kelowna General Hospital,Kelowna,BC,49.873593,-119.493866,t,,time_to_physician,current_estimate,f
bc_kitimathospitalhealt,Kitimat Hospital & Health Centre,Kitimat,BC,54.050483,-128.647237,t,bc_northern_health_ed_status_llm,time_to_physician,current_estimate,f
bc_kootenayboundaryregi,Kootenay Boundary Regional Hospital,Trail,BC,49.103275,-117.701449,t,,time_to_physician,current_estimate,f
bc_kootenaylakehospital,Kootenay Lake Hospital,Nelson,BC,49.495025,-117.284817,t,,time_to_physician,current_estimate,f
bc_ladymintogulfislands,Lady Minto Gulf Islands Hospital,Salt Spring Island,BC,48.861445,-123.508599,t,,time_to_physician,current_estimate,f
bc_lakesdistricthospita,Lakes District Hospital and Health Centre,Burns Lake,BC,54.235627,-125.761262,t,bc_northern_health_ed_status_llm,time_to_physician,current_estimate,f
bc_langleymemorialhosp,Langley Memorial Hospital,Langley,BC,49.094869,-122.612407,t,edwaittimes,time_to_physician,current_estimate,t
bc_lillooetdistricthosp,Lillooet District Hospital and Health Centre,Lillooet,BC,50.690014,-121.938791,t,bc_interior_health_ed_status_llm,time_to_physician,current_estimate,f
bc_lionsgatehospital,Lions Gate Hospital,North Vancouver,BC,49.321864,-123.06837,t,edwaittimes,time_to_physician,current_estimate,t
bc_massethospital,Masset Hospital,Masset,BC,54.020449,-132.157076,t,bc_northernhealth_llm,time_to_physician,current_estimate,f
bc_mcbrideanddistrictho,Mcbride and District Hospital,McBride,BC,53.30164,-120.160828,t,bc_northern_health_ed_status_llm,time_to_physician,current_estimate,f
bc_millsmemorialhospita,Mills Memorial Hospital,Terrace,BC,54.510203,-128.596541,t,bc_northern_health_ed_status_llm,time_to_physician,current_estimate,f
bc_nanaimoregionalgener,Nanaimo Regional General Hospital,Nanaimo,BC,49.184998,-123.969295,t,island_health,time_to_physician,current_estimate,t
bc_nicolavalleyhealthce,Nicola Valley Health Centre,Merritt,BC,50.121172,-120.772629,t,bc_interior_health_ed_status_llm,time_to_physician,current_estimate,f
bc_northernhaidagwaiiho,Northern Haida Gwaii Hospital and Health Centre (North End),Masset,BC,54.020576,-132.157074,t,bc_northern_health_ed_status_llm,time_to_physician,current_estimate,f
bc_northislandhospitalc,North Island Hospital Comox Valley,Courtenay,BC,49.713417,-124.970384,t,island_health,time_to_physician,current_estimate,t
bc_peacearchhospital,Peace Arch Hospital,White Rock,BC,49.029741,-122.793026,t,edwaittimes,time_to_physician,current_estimate,t
bc_pembertonhealthcentr,Pemberton Health Centre,Pemberton,BC,50.321081,-122.804414,t,edwaittimes,time_to_physician,current_estimate,t
bc_pentictonregionalhos,Penticton Regional Hospital,Penticton,BC,49.481218,-119.577927,t,,time_to_physician,current_estimate,f
bc_porthardyhospital,Port Hardy Hospital,Port Hardy,BC,50.720012,-127.502909,t,,time_to_physician,current_estimate,f
bc_portmcneillanddistri,Port Mcneill and District Hospital,Port McNeill,BC,50.580646,-127.067858,t,,time_to_physician,current_estimate,f
bc_powellrivergeneralho,Powell River General Hospital,Powell River,BC,49.850826,-124.518391,t,edwaittimes,time_to_physician,current_estimate,t
bc_princegeorgeregional,Prince George Regional Hospital,Prince George,BC,53.911383,-122.764476,t,bc_northern_health_ed_status_llm,time_to_physician,current_estimate,f
bc_princerupertregional,Prince Rupert Regional Hospital,Prince Rupert,BC,54.304446,-130.331503,t,bc_northern_health_ed_status_llm,time_to_physician,current_estimate,f
bc_princetongeneralhosp,Princeton General Hospital,Princeton,BC,49.454095,-120.526738,t,,time_to_physician,current_estimate,f
bc_providencehealthcare,Providence Health Care - Mount Saint Joseph Hospital,Vancouver,BC,49.258002,-123.095299,t,edwaittimes,time_to_physician,current_estimate,t
bc_queencharlotteisland,Queen Charlotte Islands General Hospital,Queen Charlotte,BC,53.254641,-132.072632,t,,time_to_physician,current_estimate,f
bc_queenvictoriahospita,Queen Victoria Hospital and Health Centre,Revelstoke,BC,50.976802,-118.19014,t,,time_to_physician,current_estimate,f
bc_richmondhospital,Richmond Hospital,Richmond,BC,49.168971,-123.146577,t,edwaittimes,time_to_physician,current_estimate,t
bc_ridgemeadowshospital,Ridge Meadows Hospital,Maple Ridge,BC,49.216189,-122.63008,t,edwaittimes,time_to_physician,current_estimate,t
bc_royalcolumbianhospit,Royal Columbian Hospital,New Westminster,BC,49.226414,-122.891637,t,edwaittimes,time_to_physician,current_estimate,t
bc_royalinlandhospital,Royal Inland Hospital,Kamloops,BC,50.670195,-120.334592,t,,time_to_physician,current_estimate,f
bc_royaljubileehospital,Royal Jubilee Hospital,Victoria,BC,48.432719,-123.327913,t,island_health,time_to_physician,current_estimate,t
bc_saanichpeninsulahosp,Saanich Peninsula Hospital,Saanichton,BC,48.594472,-123.410595,t,island_health,time_to_physician,current_estimate,t
bc_shuswaplakegeneralho,Shuswap Lake General Hospital,Salmon Arm,BC,50.704561,-119.274381,t,,time_to_physician,current_estimate,f
bc_southokanagangeneral,South Okanagan General Hospital,Oliver,BC,49.183682,-119.53957,t,bc_interior_health_ed_status_llm,time_to_physician,current_estimate,f
bc_squamishgeneralhospi,Squamish General Hospital,Squamish,BC,49.697911,-123.141176,t,edwaittimes,time_to_physician,current_estimate,t
bc_stjohnhospital,St. John Hospital,Vanderhoof,BC,54.028533,-124.010723,t,bc_northern_health_ed_status_llm,time_to_physician,current_estimate,f
bc_stjosephsgeneralhosp,St. Joseph's General Hospital - Comox,Comox,BC,49.674464,-124.941568,t,,time_to_physician,current_estimate,f
bc_stmaryshospitalseche,St. Mary's Hospital / Sechelt-Shishalh Hospital,Sechelt,BC,49.474619,-123.749631,t,edwaittimes,time_to_physician,current_estimate,t
bc_stpaulshospital,St. Paul's Hospital,Vancouver,BC,49.280516,-123.128187,t,edwaittimes,time_to_physician,current_estimate,t
bc_stuartlakehospital,Stuart Lake Hospital,Fort St James,BC,54.441405,-124.242352,t,bc_northern_health_ed_status_llm,time_to_physician,current_estimate,f
bc_surreymemorialhospit,Surrey Memorial Hospital,Surrey,BC,49.176595,-122.841774,t,edwaittimes,time_to_physician,current_estimate,t
bc_tofinogeneralhospita,Tofino General Hospital,Tofino,BC,49.151404,-125.908799,t,,time_to_physician,current_estimate,f
bc_ubchospital,Ubc Hospital,Vancouver,BC,49.263156,-123.246002,t,edwaittimes,time_to_physician,current_estimate,t
bc_vancouvergeneralhosp,Vancouver General Hospital,Vancouver,BC,49.261616,-123.123911,t,edwaittimes,time_to_physician,current_estimate,t
bc_victoriageneralhospi,Victoria General Hospital - Victoria,Victoria,BC,48.466504,-123.433064,t,island_health,time_to_physician,current_estimate,t
bc_westcoastgeneralhosp,West Coast General Hospital,Port Alberni,BC,49.248738,-124.782044,t,island_health,time_to_physician,current_estimate,t
bc_whistlerhealthcarece,Whistler Health Care Centre,Whistler,BC,50.11982,-122.955186,t,edwaittimes,time_to_physician,current_estimate,t
bc_wrinchmemorialhospit,Wrinch Memorial Hospital,Hazelton,BC,55.259576,-127.651258,t,bc_northern_health_ed_status_llm,time_to_physician,current_estimate,f
mb_altonacommunitymemor,Altona Community Memorial Health Centre,Altona,MB,49.107401,-97.550719,t,,time_to_physician,current_estimate,f
mb_arborganddistrictshe,Arborg and Districts Health Centre,Arborg,MB,50.905138,-97.226298,t,,time_to_physician,current_estimate,f
mb_beausejourdistrictho,Beausejour District Hospital,Beausejour,MB,50.057876,-96.519999,t,,time_to_physician,current_estimate,f
mb_bethesdahospital,Bethesda Hospital,Steinbach,MB,49.529589,-96.680068,t,,time_to_physician,current_estimate,f
mb_boissevainhealthcent,Boissevain Health Centre,Boissevain,MB,49.224217,-100.059664,t,,time_to_physician,current_estimate,f
mb_brandonregionalhealt,Brandon Regional Health Centre,Brandon,MB,49.840231,-99.936897,t,,time_to_physician,current_estimate,f
mb_carberryplainhealthc,Carberry Plain Health Centre,Carberry,MB,49.871891,-99.356199,t,,time_to_physician,current_estimate,f
mb_carmanmemorialhospit,Carman Memorial Hospital,Carman,MB,49.496954,-98.008551,t,,time_to_physician,current_estimate,f
mb_concordiahospital,Concordia Hospital,Winnipeg,MB,49.913511,-97.06463,t,wrha,time_to_physician,current_estimate,t
mb_desalaberrydistricth,DE SALABERRY DISTRICT HEALTH CENTRE,Saint Pierre-Jolys,MB,49.444981,-96.988244,t,,time_to_physician,current_estimate,f
mb_drevelynmemorialhosp,Dr. Evelyn Memorial Hospital,Stonewall,MB,50.130343,-97.335717,t,,time_to_physician,current_estimate,f
mb_flinflongeneralhospi,Flin Flon General Hospital,Flin Flon,MB,54.764383,-101.876622,t,,time_to_physician,current_estimate,f
mb_gillamhospitalinc,Gillam Hospital Inc.,Gillam,MB,56.346671,-94.708376,t,,time_to_physician,current_estimate,f
mb_glenborohealthdistri,Glenboro Health District Hospital,Glenboro,MB,49.559843,-99.287091,t,,time_to_physician,current_estimate,f
mb_gracegeneralhospital,Grace General Hospital,Winnipeg,MB,49.882355,-97.276776,t,wrha,time_to_physician,current_estimate,t
mb_grandviewdistricthos,Grandview District Hospital,Grandview,MB,51.178923,-100.70023,t,,time_to_physician,current_estimate,f
mb_healthsciencescentre,Health Sciences Centre - Adult,Winnipeg,MB,49.904682,-97.159448,t,wrha,time_to_physician,current_estimate,t
mb_healthsciencescentrec,Health Sciences Centre - Children's,Winnipeg,MB,49.904982000000004,-97.159448,t,wrha,time_to_physician,current_estimate,t
mb_hpitalsteannehospita,HÔPITAL STE-ANNE HOSPITAL,Ste-Anne,MB,49.667882,-96.647661,t,,time_to_physician,current_estimate,f
mb_johnsonmemorialhospi,Johnson Memorial Hospital,Gimli,MB,50.62792,-96.993988,t,,time_to_physician,current_estimate,f
mb_leafrapidshealthcare,Leaf Rapids Health Care Centre,Leaf Rapids,MB,56.463294,-100.011258,t,,time_to_physician,current_estimate,f
mb_lynnlakehospital,Lynn Lake Hospital,Lynn Lake,MB,56.856871,-101.044037,t,,time_to_physician,current_estimate,f
mb_melitahealthcentre,Melita Health Centre,Melita,MB,49.270503,-100.996575,t,,time_to_physician,current_estimate,f
mb_minnedosahealthcentr,Minnedosa Health Centre,Minnedosa,MB,50.241616,-99.839963,t,,time_to_physician,current_estimate,f
mb_morrisgeneralhospita,Morris General Hospital,Morris,MB,49.353297,-97.360693,t,,time_to_physician,current_estimate,f
mb_neepawadistrictmemor,Neepawa District Memorial Hospital,Neepawa,MB,50.234156,-99.46295,t,,time_to_physician,current_estimate,f
mb_pinawahospital,Pinawa Hospital,Pinawa,MB,50.15126,-95.8835,t,,time_to_physician,current_estimate,f
mb_pinefallshospital,Pine Falls Hospital,Pine Falls,MB,50.56338,-96.2148,t,,time_to_physician,current_estimate,f
mb_portagedistrictgener,Portage District General Hospital,Portage La Prairie,MB,49.96723,-98.2815,t,,time_to_physician,current_estimate,f
mb_riverdalehealthcentr,Riverdale Health Centre,Rivers,MB,50.03518,-100.242086,t,,time_to_physician,current_estimate,f
mb_rocklakehealthdistri,Rock Lake Health District Hospital,Crystal City,MB,49.150147,-98.950977,t,,time_to_physician,current_estimate,f
mb_selkirkdistrictgener,Selkirk & District General Hospital,Selkirk,MB,50.157497,-96.887714,t,,time_to_physician,current_estimate,f
mb_sevenoaksgeneralhosp,Seven Oaks General Hospital,Winnipeg,MB,49.955313,-97.146103,t,wrha,time_to_physician,current_estimate,t
mb_shoallakestrathclair,Shoal Lake-Strathclair Health Centre,Shoal Lake,MB,50.438675,-100.594663,t,,time_to_physician,current_estimate,f
mb_sourishealthcentre,Souris Health Centre,Souris,MB,49.614677,-100.249117,t,,time_to_physician,current_estimate,f
mb_stbonifacegeneralhos,St. Boniface General Hospital,Winnipeg,MB,49.884337,-97.12484,t,wrha,time_to_physician,current_estimate,t
mb_stonewallanddistrict,Stonewall and District Health Centre,Stonewall,MB,50.131652,-97.335247,t,,time_to_physician,current_estimate,f
mb_teulonhuntermemorial,Teulon/Hunter Memorial Hospital,Teulon,MB,50.387348,-97.254851,t,,time_to_physician,current_estimate,f
mb_thepashealthcomplex,the Pas Health Complex,The Pas,MB,53.829393,-101.247878,t,,time_to_physician,current_estimate,f
mb_thompsongeneralhospi,Thompson General Hospital,S Thompson,MB,55.735294,-97.856618,t,,time_to_physician,current_estimate,f
mb_trilakehealthcentre,Tri-Lake Health Centre,Killarney,MB,49.175966,-99.663411,t,,time_to_physician,current_estimate,f
mb_victoriageneralhospi,Victoria General Hospital - Winnipeg,Winnipeg,MB,49.806755,-97.152739,t,wrha,time_to_physician,current_estimate,t
mb_vitadistricthealthce,Vita & District Health Centre,Vita,MB,49.136181,-96.564779,t,,time_to_physician,current_estimate,f
nb_campbelltonregionalh,Campbellton Regional Hospital,Campbellton,NB,47.993057,-66.666574,t,nb_arcgis,total_visit,current_estimate,t
nb_centrehospitalieruni,Centre Hospitalier Universitaire Dr-Georges-l.-Dumont,Moncton,NB,46.098025,-64.786214,t,nb_arcgis,total_visit,current_estimate,t
nb_charlottecountyhospi,Charlotte County Hospital,St Stephen,NB,45.194486,-67.265822,t,nb_arcgis,total_visit,current_estimate,f
nb_dreverettchalmersreg,Dr. Everett Chalmers Regional Hospital,Fredericton,NB,45.93897,-66.654472,t,nb_arcgis,total_visit,current_estimate,t
nb_grandmananhospital,Grand Manan Hospital,Grand Manan,NB,44.762202,-66.763835,t,nb_arcgis,total_visit,current_estimate,t
nb_hpitaldelenfantjsusr,HÔPITAL DE L'ENFANT - JÉSUS RHSJ,Caraquet,NB,47.79453,-64.938719,t,nb_arcgis,total_visit,current_estimate,t
nb_hpitaldetracadieshei,HÔPITAL DE TRACADIE-SHEILA,Tracadie-Sheila,NB,47.512383,-64.90633,t,nb_arcgis,total_visit,current_estimate,t
nb_hpitalgeneraldegrand,HÔPITAL GENERAL DE GRAND-SAULT,Grand Falls/Grand-Sault,NB,47.045298,-67.754333,t,nb_arcgis,total_visit,current_estimate,t
nb_hpitalrgionalchaleur,HÔPITAL RÉGIONAL CHALEUR,Bathurst,NB,47.649288,-65.694674,t,nb_arcgis,total_visit,current_estimate,t
nb_hpitalrgionaldedmund,HÔPITAL RÉGIONAL D'EDMUNDSTON,Edmundston,NB,47.375995,-68.31069,t,nb_arcgis,total_visit,current_estimate,t
nb_hpitalstellamarisdek,HÔPITAL STELLA-MARIS-DE-KENT,Sainte-Anne-De-Kent,NB,46.558871,-64.782351,t,nb_arcgis,total_visit,current_estimate,t
nb_hoteldieuofsaintjose,Hotel Dieu of Saint-Joseph,Perth-Andover,NB,46.729003,-67.710327,t,nb_arcgis,total_visit,current_estimate,t
nb_hteldieusaintjosephd,HÔTEL-DIEU SAINT-JOSEPH DE SAINT-QUENTIN,Saint-Quentin,NB,47.497546,-67.393196,t,nb_arcgis,total_visit,current_estimate,t
nb_miramichiregionalhos,Miramichi Regional Hospital,Miramichi,NB,47.002868,-65.541443,t,nb_arcgis,total_visit,current_estimate,t
nb_oromoctopublichospit,Oromocto Public Hospital,Oromocto,NB,45.848636,-66.47318,t,nb_arcgis,total_visit,current_estimate,t
nb_sackvillememorialhos,Sackville Memorial Hospital,Sackville,NB,45.891902,-64.372445,t,nb_arcgis,total_visit,current_estimate,t
nb_saintjohnregionalhos,Saint John Regional Hospital,Saint John,NB,45.302733,-66.08515,t,nb_arcgis,total_visit,current_estimate,t
nb_stjosephshospitalhpi,ST. JOSEPH'S HOSPITAL / HÔPITAL ST. JOSEPH,Saint John,NB,45.279031,-66.057905,t,,total_visit,current_estimate,f
nb_sussexhealthcentre,Sussex Health Centre,Sussex,NB,45.726333,-65.490574,t,nb_arcgis,total_visit,current_estimate,f
nb_themonctonhospital,The Moncton Hospital,Moncton,NB,46.104977,-64.80615,t,nb_arcgis,total_visit,current_estimate,t
nb_upperrivervalleyhosp,Upper River Valley Hospital,Waterville,NB,46.283593,-67.571154,t,nb_arcgis,total_visit,current_estimate,t
nl_amguymemorialhealthc,a.m. Guy Memorial Health Centre,Buchans,NL,48.824015,-56.857397,t,nl_nlhs_llm,time_to_physician,current_estimate,f
nl_baievertepeninsulahe,Baie Verte Peninsula Health Centre,Baie Verte,NL,49.925666,-56.221936,t,nl_nlhs_llm,time_to_physician,current_estimate,f
nl_bonavistapeninsulahe,Bonavista Peninsula Health Centre,Bonavista,NL,48.646578,-53.108451,t,nl_nlhs_llm,time_to_physician,current_estimate,f
nl_bonnebayhealthcentre,Bonne Bay Health Centre,Norris Point,NL,49.470386,-58.126394,t,,time_to_physician,current_estimate,f
nl_brookfieldbonnewshea,Brookfield/Bonnews Health Centre,Badgers Quay,NL,49.13469,-53.590632,t,,time_to_physician,current_estimate,f
nl_carboneargeneralhosp,Carbonear General Hospital,Carbonear,NL,47.725256,-53.226571,t,,time_to_physician,current_estimate,f
nl_centralnewfoundlandr,Central Newfoundland Regional Health Centre,Grand Falls-Windsor,NL,48.932557,-55.647952,t,nl_nlhs_llm,time_to_physician,current_estimate,f
nl_connaigrepeninsulahe,Connaigre Peninsula Health Centre,Harbour Breton,NL,47.468051,-55.827481,t,nl_nlhs_llm,time_to_physician,current_estimate,f
nl_draawilkinsonmemoria,Dr. a. a. Wilkinson Memorial Health Centre,Old Perlican,NL,48.076266,-52.999593,t,,time_to_physician,current_estimate,f
nl_drcharlesscurtismemo,Dr. Charles s. Curtis Memorial Hospital,St Anthony,NL,51.362436,-55.586989,t,nl_nlhs_llm,time_to_physician,current_estimate,f
nl_drgbcrossmemorialhos,Dr. g.b. Cross Memorial Hospital,Clarenville,NL,48.164993,-53.984403,t,,time_to_physician,current_estimate,f
nl_drwaltertemplemanhea,Dr. Walter Templeman Health Care Centre,Bell Island,NL,47.645878,-52.946948,t,,time_to_physician,current_estimate,f
nl_fogoislandhealthcent,Fogo Island Health Centre,Fogo,NL,49.665569,-54.224591,t,nl_nlhs_llm,time_to_physician,current_estimate,f
nl_greenbayhealthcentre,Green Bay Health Centre,Springdale,NL,49.505774,-56.053543,t,nl_nlhs_llm,time_to_physician,current_estimate,f
nl_healthsciencescentre,Health Sciences Centre - General Hospital,St Johns,NL,47.571807,-52.741878,t,,time_to_physician,current_estimate,f
nl_jamespatonmemorialre,James Paton Memorial Regional Health Centre,Gander,NL,48.95607,-54.628799,t,,time_to_physician,current_estimate,f
nl_labradorhealthcentre,Labrador Health Centre,Happy Valley-Goose Bay,NL,53.296639,-60.341373,t,,time_to_physician,current_estimate,f
nl_labradorsouthhealthc,Labrador South Health Centre,Forteau,NL,51.473905,-56.960103,t,,time_to_physician,current_estimate,f
nl_sirthomasroddickhosp,Sir Thomas Roddick Hospital,Stephenville,NL,48.559658,-58.552607,t,,time_to_physician,current_estimate,f
nl_stclaresmercyhospita,St. Clare's Mercy Hospital,St Johns,NL,47.557926,-52.72165,t,,time_to_physician,current_estimate,f
nl_westernmemorialregio,Western Memorial Regional Hospital,Corner Brook,NL,48.9287703,-57.9217833,t,,time_to_physician,current_estimate,f
nl_whitebaycentralhealt,White Bay Central Health Centre,Roddickton,NL,50.868696,-56.117025,t,,time_to_physician,current_estimate,f
ns_aberdeenhospitalnewg,Aberdeen Hospital - New Glasgow,New Glasgow,NS,45.573042,-62.642895,t,nshealth,time_to_physician,ml_prediction,t
ns_allsaintsspringhillh,All Saints Springhill Hospital,Springhill,NS,45.65028,-64.0501,t,ns_nshealth_llm,time_to_physician,current_estimate,f
ns_buchananmemorialcomm,Buchanan Memorial Community Health Centre,Neils Harbour,NS,46.81057,-60.334327,t,ns_nshealth_llm,time_to_physician,current_estimate,f
ns_capebretonregionalho,Cape Breton Regional Hospital,Sydney,NS,46.113409,-60.174263,t,nshealth,time_to_physician,ml_prediction,t
ns_cobequidcommunityhe,Cobequid Community Health Centre,Lower Sackville,NS,44.7726,-63.6633,t,nshealth,time_to_physician,ml_prediction,t
ns_colchesterregionalho,Colchester East Hants Health Centre,Truro,NS,45.357097,-63.292882,t,nshealth,time_to_physician,current_estimate,t
ns_cumberlandregionalhe,Cumberland Regional Health Care Centre,Amherst,NS,45.804109,-64.1969,t,nshealth,time_to_physician,ml_prediction,t
ns_dartmouthgeneralhosp,Dartmouth General Hospital,Dartmouth,NS,44.653987,-63.547621,t,nshealth,time_to_physician,ml_prediction,t
ns_digbygeneralhospital,Digby General Hospital,Digby,NS,44.616534,-65.761667,t,ns_nshealth_llm,time_to_physician,current_estimate,f
ns_easternmemorialhospi,Eastern Memorial Hospital,Canso,NS,45.332964,-60.983813,t,ns_nshealth_llm,time_to_physician,current_estimate,f
ns_fishermensmemorialh,Fishermen's Memorial Hospital,Lunenburg,NS,44.3776,-64.3097,t,ns_nshealth_llm,time_to_physician,current_estimate,f
ns_glacebayhealthcarefa,Glace Bay Healthcare Facility,Glace Bay,NS,46.183211,-59.938572,t,ns_nshealth_llm,time_to_physician,current_estimate,f
ns_hantscommunityhospit,Hants Community Hospital,Windsor,NS,44.986514,-64.120414,t,nshealth,time_to_physician,ml_prediction,t
ns_invernessconsolidate,Inverness Consolidated Memorial Hospital,Inverness,NS,46.226968,-61.304843,t,nshealth,time_to_physician,ml_prediction,t
ns_qeiihalifaxinfirmary,Qeii - Halifax Infirmary Site,Halifax,NS,44.645784,-63.586389,t,nshealth,time_to_physician,ml_prediction,t
ns_queensgeneralhospita,Queens General Hospital,Liverpool,NS,44.037653,-64.705594,t,nshealth,time_to_physician,ml_prediction,t
ns_rosewayhospital,Roseway Hospital,Shelburne,NS,43.749523,-65.310347,t,ns_nshealth_llm,time_to_physician,current_estimate,f
ns_sacredhearthospital,Sacred Heart Hospital,Cheticamp,NS,46.623469,-61.015105,t,,time_to_physician,current_estimate,f
ns_soldiersmemorialhosp,Soldiers Memorial Hospital,Middleton,NS,44.882577,-65.156992,t,ns_nshealth_llm,time_to_physician,current_estimate,f
ns_southshoreregionalho,South Shore Regional Hospital,Bridgewater,NS,44.383167,-64.510596,t,nshealth,time_to_physician,ml_prediction,t
ns_stmarthasregionalhos,St. Martha's Regional Hospital,Antigonish,NS,45.627949,-61.980072,t,nshealth,time_to_physician,ml_prediction,t
ns_stmarysmemorialhospi,St. Mary's Memorial Hospital,Sherbrooke,NS,45.147814,-61.98193,t,,time_to_physician,current_estimate,f
ns_straitrichmondhospit,Strait Richmond Hospital,Cleveland,NS,45.617084,-61.222926,t,ns_nshealth_llm,time_to_physician,current_estimate,f
ns_twinoaksmemorialhos,Twin Oaks Memorial Hospital,Musquodoboit Harbour,NS,44.783072,-63.099722,t,ns_nshealth_llm,time_to_physician,current_estimate,f
ns_valleyregionalhospit,Valley Regional Hospital,Kentville,NS,45.084053,-64.500591,t,nshealth,time_to_physician,ml_prediction,t
ns_yarmouthregionalhosp,Yarmouth Regional Hospital,Yarmouth,NS,43.850647,-66.121765,t,nshealth,time_to_physician,ml_prediction,t
nt_fortsmithhealthcentr,Fort Smith Health Centre,Fort Smith,NT,60.003556,-111.880212,t,,time_to_physician,current_estimate,f
nt_inuvikregionalhospit,Inuvik Regional Hospital,Inuvik,NT,68.35299,-133.694525,t,,time_to_physician,current_estimate,f
nt_stantonterritorialho,Stanton Territorial Hospital,Yellowknife,NT,62.447684,-114.4045,t,,time_to_physician,current_estimate,f
nu_qikiqtanigeneralhosp,Qikiqtani General Hospital,Iqaluit,NU,63.749938,-68.509098,t,,time_to_physician,current_estimate,f
on_alexandrahospital,Alexandra Hospital,Ingersoll,ON,43.032068,-80.875459,t,,time_to_physician,current_estimate,f
on_alexandramarineandge,Alexandra Marine and General Hospital,Goderich,ON,43.750293,-81.70602,t,,time_to_physician,current_estimate,f
on_almontegeneralhospit,Almonte General Hospital,Almonte,ON,45.229134,-76.189495,t,,time_to_physician,current_estimate,f
on_ansongeneralhospital,Anson General Hospital,Iroquois Falls,ON,48.769027,-80.68604,t,,time_to_physician,current_estimate,f
on_arnpriorregionalheal,Arnprior Regional Health - Arnprior & District Memorial Hospital,Arnprior,ON,45.441542,-76.35292,t,,time_to_physician,current_estimate,f
on_bellevillegeneralhos,Belleville General Hospital,Belleville,ON,44.162705,-77.364323,t,,time_to_physician,current_estimate,f
on_binghammemorialhospi,Bingham Memorial Hospital,Matheson,ON,48.539604,-80.469751,t,,time_to_physician,current_estimate,f
on_blindriverdistricthe,Blind River District Health Centre,Blind River,ON,46.187363,-82.924063,t,,time_to_physician,current_estimate,f
on_bluewaterhealth,Bluewater Health,Sarnia,ON,42.977366,-82.390548,t,transformsso,time_to_physician,current_estimate,t
on_bluewaterhealthpetro,Bluewater Health - Petrolia (Charlotte Eleanor Englehart Hospital),Petrolia,ON,42.87826,-82.147367,t,transformsso,time_to_physician,current_estimate,t
on_brantfordgeneralhosp,Brantford General Hospital,Brantford,ON,43.1361,-80.2788,t,bchs_seewait,time_to_physician,median,t
on_brockvillegeneralhos,Brockville General Hospital,Brockville,ON,44.597394,-75.681314,t,,time_to_physician,current_estimate,f
on_brockvillegeneralstv,BROCKVILLE GENERAL - ST. VINCENT DE PAUL,Brockville,ON,44.592036,-75.683193,t,,time_to_physician,current_estimate,f
on_cambridgememorialhos,Cambridge Memorial Hospital,Cambridge,ON,43.378517,-80.32855,t,,time_to_physician,current_estimate,f
on_campbellfordmemorial,Campbellford Memorial Hospital,Campbellford,ON,44.312404,-77.789848,t,,time_to_physician,current_estimate,f
on_carletonplaceanddist,Carleton Place and District Memorial Hospital,Carleton Place,ON,45.140984,-76.136681,t,,time_to_physician,current_estimate,f
on_chathamkenthealthall,Chatham-Kent Health Alliance,Chatham,ON,42.405071,-82.193665,t,transformsso,time_to_physician,median,t
on_chathamkenthealthwal,Chatham-Kent Health Alliance - Wallaceburg,Wallaceburg,ON,42.5979,-82.3838,t,transformsso,time_to_physician,median,t
on_childrenshospitalofe,Children's Hospital of Eastern Ontario,Ottawa,ON,45.400767,-75.652152,t,,time_to_physician,current_estimate,f
on_collingwoodgeneralan,Collingwood General and Marine Hospital,Collingwood,ON,44.499502,-80.203407,t,oculys,time_to_physician,current_estimate,t
on_cornwallcommunityhos,Cornwall Community Hospital - Mcconnell Ave.,Cornwall,ON,45.029921,-74.718312,t,,time_to_physician,current_estimate,f
on_creditvalleyhospital,Credit Valley Hospital,Mississauga,ON,43.55935,-79.703246,t,trillium,time_to_physician,current_estimate,t
on_deepriveranddistrict,Deep River and District Hospital,Deep River,ON,46.090867,-77.475004,t,,time_to_physician,current_estimate,f
on_drydenregionalhealth,Dryden Regional Health Centre,Dryden,ON,49.76956,-92.838641,t,,time_to_physician,current_estimate,f
on_englehartanddistrict,Englehart and District Hospital Inc.,Englehart,ON,47.823199,-79.879574,t,oculys,time_to_physician,current_estimate,t
on_erieshoreshealthcare,Erie Shores HealthCare,Leamington,ON,42.054,-82.6,t,transformsso,time_to_physician,median,t
on_espanolageneralhospi,Espanola General Hospital,Espanola,ON,46.248452,-81.780832,t,,time_to_physician,current_estimate,f
on_fourcountieshealthse,Four Counties Health Services Corporation,Newbury,ON,42.683425,-81.789223,t,,time_to_physician,current_estimate,f
on_georgetownhospital,Georgetown Hospital,Georgetown,ON,43.644797,-79.933322,t,halton,time_to_physician,current_estimate,t
on_geraldtondistricthos,Geraldton District Hospital,Geraldton,ON,49.722694,-86.954712,t,,time_to_physician,current_estimate,f
on_hpitalglengarrymemor,Glengarry Memorial Hospital,Alexandria,ON,45.3056471,-74.643967,t,,time_to_physician,current_estimate,f
on_grandriverhospital,Grand River Hospital,Kitchener,ON,43.455771,-80.51168,t,,time_to_physician,current_estimate,f
on_greybrucehealthservi,Grey Bruce Health Services (Corporate Headquarters) - Owen Sound,Owen Sound,ON,44.569716,-80.910861,t,,time_to_physician,current_estimate,f
on_grovesmemorialcommun,Groves Memorial Community Hospital,Fergus,ON,43.705326,-80.37306,t,,time_to_physician,current_estimate,f
on_guelphgeneralhospita,Guelph General Hospital,Guelph,ON,43.556362,-80.253547,t,,time_to_physician,current_estimate,f
on_haldimandwarmemorial,Haldimand War Memorial Hospital,Dunnville,ON,42.904968,-79.624936,t,,time_to_physician,current_estimate,f
on_haliburtonhighlandsh,Haliburton Highlands Health Services - Haliburton Hospital,Haliburton,ON,45.038233,-78.529416,t,,time_to_physician,current_estimate,f
on_miltondistricthospit,Halton Healthcare - Milton District Hospital,Milton,ON,43.5081,-79.8744,t,halton,time_to_physician,current_estimate,t
on_haltonhealthcareserv,Halton Healthcare Services - Oakville,Oakville,ON,43.448926,-79.766597,t,halton,time_to_physician,current_estimate,t
on_hamiltongeneralhosp,Hamilton General Hospital,Hamilton,ON,43.2584,-79.8556,t,hamilton,time_to_physician,current_estimate,t
on_hamiltonhealthscienc,Hamilton Health Sciences - Mcmaster,Hamilton,ON,43.253,-79.860524,t,hamilton,time_to_physician,current_estimate,t
on_hanoveranddistrictho,Hanover and District Hospital,Hanover,ON,44.141468,-81.029334,t,,time_to_physician,current_estimate,f
on_headwatershealthcare,Headwaters Health Care Centre - Headwaters Orangeville,Orangeville,ON,43.920509,-80.072243,t,oculys,time_to_physician,current_estimate,t
on_healthsciencesnorthr,Health Sciences North - Ramsey Lake Health Centre,Sudbury,ON,46.467935,-80.996284,t,oculys,time_to_physician,current_estimate,t
on_hpitalgeneraldehawke,HÔPITAL GENERAL DE HAWKESBURY AND DISTRICT GENERAL HOSPITAL INC.,Hawkesbury,ON,45.599498,-74.607557,t,,time_to_physician,current_estimate,f
on_hpitalmontforthospit,HÔPITAL MONTFORT HOSPITAL,Ottawa,ON,45.445981,-75.639238,t,,time_to_physician,current_estimate,f
on_hospitalforsickchild,Hospital for Sick Children,Toronto,ON,43.657374,-79.387437,t,,time_to_physician,current_estimate,f
on_hoteldieuhospitalofc,Hotel Dieu Hospital of Cornwall,Cornwall,ON,45.014927,-74.732434,t,,time_to_physician,current_estimate,f
on_humberriverhospitaly,Humber River Hospital -York Finch,Toronto,ON,43.754503,-79.526393,t,,time_to_physician,current_estimate,f
on_humberriverregionalh,Humber River Regional Hospital - Church St. Site,Weston,ON,43.708656,-79.509922,t,,time_to_physician,current_estimate,f
on_huroniadistricthospi,Huronia District Hospital,Midland,ON,44.742184,-79.913566,t,oculys,time_to_physician,current_estimate,t
on_huronperthhealthcare,Huron Perth Healthcare Alliance - Clinton Public Hospital,Clinton,ON,43.621847,-81.542234,t,,time_to_physician,current_estimate,f
on_jamesbaygeneralhospi,James Bay General Hospital - Attawapiskat,Attawapiskat,ON,52.922733,-82.426001,t,,time_to_physician,current_estimate,f
on_josephbrantmemorialh,Joseph Brant Memorial Hospital,Burlington,ON,43.31715,-79.80262,t,,time_to_physician,current_estimate,f
on_juravinskihospital,Juravinski Hospital,Hamilton,ON,43.241,-79.8335,t,hamilton,time_to_physician,current_estimate,t
on_kemptvilledistrictho,Kemptville District Hospital,Kemptville,ON,45.009918,-75.641348,t,,time_to_physician,current_estimate,f
on_kingstongeneralhospi,Kingston General Hospital,Kingston,ON,44.224284,-76.492789,t,,time_to_physician,current_estimate,f
on_kirklandanddistricth,Kirkland and District Hospital,Kirkland Lake,ON,48.1534486,-80.0146987,t,oculys,time_to_physician,current_estimate,t
on_ladydunnhealthcentre,Lady Dunn Health Centre,Wawa,ON,48.000868,-84.772074,t,,time_to_physician,current_estimate,f
on_ladymintohospital,Lady Minto Hospital,Cochrane,ON,49.070779,-81.021531,t,,time_to_physician,current_estimate,f
on_lakeofthewoodsdistri,Lake of the Woods District Hospital,Kenora,ON,49.76711,-94.499411,t,,time_to_physician,current_estimate,f
on_lakeridgehealthajaxp,Lakeridge Health Ajax Pickering Hospital,Ajax,ON,43.838028,-79.0177,t,lakeridge,time_to_physician,current_estimate,t
on_lakeridgehealthbowma,Lakeridge Health - Bowmanville,Bowmanville,ON,43.909145,-78.679135,t,lakeridge,time_to_physician,current_estimate,t
on_lakeridgehealthoshaw,Lakeridge Health - Oshawa,Oshawa,ON,43.905564,-78.869384,t,lakeridge,time_to_physician,current_estimate,t
on_lakeridgehealthportp,Lakeridge Health - Port Perry,Port Perry,ON,44.104888,-78.954839,t,lakeridge,time_to_physician,current_estimate,t
on_laverendryegeneralho,La Verendrye Hospital,Fort Frances,ON,48.6063759,-93.3917782,t,,time_to_physician,current_estimate,f
on_leamingtondistrictme,Leamington District Memorial Hospital,Leamington,ON,42.048309,-82.614776,t,,time_to_physician,current_estimate,f
on_lennoxandaddingtonco,Lennox and Addington County General Hospital,Napanee,ON,44.240025,-76.967029,t,,time_to_physician,current_estimate,f
on_listowelwinghamhospi,Listowel Wingham Hospitals Alliance - Listowel Memorial Hospital,Listowel,ON,43.73336,-80.948941,t,,time_to_physician,current_estimate,f
on_londonhealthscienchi,London Health Sciences Centre - Children's Hospital,London,ON,42.9682,-81.2249,t,lhsc,time_to_physician,current_estimate,t
on_londonhealthscienuni,London Health Sciences Centre - University Hospital,London,ON,43.0131,-81.2741,t,lhsc,time_to_physician,current_estimate,t
on_londonhealthsciences,London Health Sciences Centre - Victoria,London,ON,42.960029,-81.22543,t,lhsc,time_to_physician,current_estimate,t
on_mackenzierichmondhil,Mackenzie Richmond Hill Hospital,Richmond Hill,ON,43.870548,-79.450386,t,,time_to_physician,current_estimate,f
on_manitoulinhealthcent,Manitoulin Health Centre - Little Current Site,Little Current,ON,45.978547,-81.92662,t,,time_to_physician,current_estimate,f
on_manitouwadgegeneralh,Manitouwadge General Hospital,Manitouwadge,ON,49.127201,-85.824226,t,,time_to_physician,current_estimate,f
on_markhamstouffvilleho,Markham Stouffville Hospital,Markham,ON,43.883994,-79.231971,t,,time_to_physician,current_estimate,f
on_mattawageneralhospit,Mattawa General Hospital Inc.,Mattawa,ON,48.539433,-80.469727,t,,time_to_physician,current_estimate,f
on_matthewsmemorialhosp,Matthews Memorial Hospital,Richards Landing,ON,46.293266,-84.035562,t,,time_to_physician,current_estimate,f
on_torontoeastgeneralho,Michael Garron Hospital,Toronto,ON,43.689759,-79.325923,t,,time_to_physician,current_estimate,f
on_mountsinaihospital,Mount Sinai Hospital,Toronto,ON,43.65751,-79.390294,t,,time_to_physician,current_estimate,f
on_muskokaalgonquinheal,Muskoka Algonquin Healthcare - Huntsville District Memorial Hospital Site,Huntsville,ON,45.047582,-79.314327,t,,time_to_physician,current_estimate,f
on_niagarahealthsystemd,Niagara Health System - Douglas Memorial Hospital,Fort Erie,ON,42.912453,-78.924119,t,oculys,time_to_physician,current_estimate,t
on_niagarahealthsystemg,Niagara Health System - Greater Niagara General Site,Niagara Falls,ON,43.094227,-79.089464,t,oculys,time_to_physician,current_estimate,t
on_niagarahealthsystemp,Niagara Health System - Port Colborne General Site,Port Colborne,ON,42.879704,-79.258696,t,oculys,time_to_physician,current_estimate,t
on_niagarahealthsystems,Niagara Health System - St. Catharines,St Catharines,ON,43.153522,-79.278683,t,oculys,time_to_physician,current_estimate,t
on_niagarahealthsystemw,Niagara Health System - Welland Hospital Site,Welland,ON,42.9921,-79.2481,t,oculys,time_to_physician,current_estimate,t
on_nipigondistrictmemor,Nipigon District Memorial Hospital,Nipigon,ON,49.015575,-88.275905,t,,time_to_physician,current_estimate,f
on_norfolkgeneralhospit,Norfolk General Hospital,Simcoe,ON,42.835418,-80.314531,t,,time_to_physician,current_estimate,f
on_northbaygeneralhospi,North Bay General Hospital - Mclaren Site,North Bay,ON,46.3197,-79.466145,t,,time_to_physician,current_estimate,f
on_northbayregionalheal,North Bay Regional Health Centre,North Bay,ON,46.335613,-79.498369,t,html_scrape,time_to_physician,current_estimate,t
on_northumberlandhillsh,Northumberland Hills Hospital,Cobourg,ON,43.977748,-78.198437,t,,time_to_physician,current_estimate,f
on_northwellingtonhealt,North Wellington Health Care - Louise Marshall Hospital,Mount Forest,ON,43.97462,-80.737517,t,,time_to_physician,current_estimate,f
on_northyorkgeneralhosp,North York General Hospital - Branson Division,North York,ON,43.772453,-79.448136,t,,time_to_physician,current_estimate,f
on_notredamehospitalhea,Notre-Dame Hospital - Hearst,Hearst,ON,49.685734,-83.67905,t,,time_to_physician,current_estimate,f
on_orilliasoldiersmemor,Orillia Soldiers' Memorial Hospital,Orillia,ON,44.605089,-79.425605,t,,time_to_physician,current_estimate,f
on_pembrokeregionalhosp,Pembroke Regional Hospital,Pembroke,ON,45.814118,-77.106799,t,,time_to_physician,current_estimate,f
on_perthandsmithsfallsd,Perth and Smiths Falls District Hospital,Smiths Falls,ON,44.906447,-76.139754,t,,time_to_physician,current_estimate,f
on_peterboroughregional,Peterborough Regional Health Centre,Peterborough,ON,44.300241,-78.347341,t,,time_to_physician,current_estimate,f
on_queenswaycarletonhos,Queensway Carleton Hospital,Ottawa,ON,45.335027,-75.806984,t,,time_to_physician,current_estimate,f
on_quintehealthcarecorp,Quinte Healthcare Corporation - Trenton Memorial Hospital,Trenton,ON,44.099899,-77.588243,t,,time_to_physician,current_estimate,f
on_quintehealthcarenort,Quinte Health Care - North Hastings District Hospital,Bancroft,ON,45.055076,-77.864212,t,,time_to_physician,current_estimate,f
on_quintehealthcareprin,Quinte Health Care - Prince Edward County Memorial Hospital,Picton,ON,44.015867,-77.137543,t,,time_to_physician,current_estimate,f
on_redlakemargaretcoche,Red Lake Margaret Cochenour Memorial Hospital,Red Lake,ON,51.013262,-93.822435,t,,time_to_physician,current_estimate,f
on_renfrewvictoriahospi,Renfrew Victoria Hospital,Renfrew,ON,45.482622,-76.696722,t,,time_to_physician,current_estimate,f
on_rossmemorialhospital,Ross Memorial Hospital,Lindsay,ON,44.352,-78.7378,t,oculys,time_to_physician,current_estimate,t
on_royalvictoriaregional,Royal Victoria Regional Health Centre,Barrie,ON,44.3916,-79.6903,t,html_scrape,time_to_physician,current_estimate,t
on_saultareahospital,Sault Area Hospital,Sault Ste Marie,ON,46.548814,-84.311159,t,sah_luma,time_to_physician,current_estimate,t
on_scarboroughhealthnet,Scarborough Health Network - Centenary Hospital,Toronto,ON,43.780759,-79.205023,t,,time_to_physician,current_estimate,f
on_sensenbrennerhospita,Sensenbrenner Hospital,Kapuskasing,ON,49.42561,-82.427581,t,,time_to_physician,current_estimate,f
on_siouxlookoutmenoyawi,Sioux Lookout Meno Ya Win Health Centre,Sioux Lookout,ON,50.104509,-91.926837,t,,time_to_physician,current_estimate,f
on_smoothrockfallshospi,Smooth Rock Falls Hospital,Smooth Rock Falls,ON,49.272285,-81.610265,t,,time_to_physician,current_estimate,f
on_southbrucegreyhealth,South Bruce Grey Health Centre - Walkerton,Walkerton,ON,44.122932,-81.15287,t,,time_to_physician,current_estimate,f
on_southhuronhospital,South Huron Hospital,Exeter,ON,43.343441,-81.480824,t,,time_to_physician,current_estimate,f
on_southlakeregionalhea,Southlake Regional Health Centre,Newmarket,ON,44.060226,-79.452293,t,,time_to_physician,current_estimate,f
on_southmuskokamemorial,South Muskoka Memorial Hospital,Bracebridge,ON,45.04781,-79.314359,t,,time_to_physician,current_estimate,f
on_stevensonmemorialhos,Stevenson Memorial Hospital,Alliston,ON,44.155748,-79.875121,t,oculys,time_to_physician,current_estimate,t
on_stfrancismemorialhos,St. Francis Memorial Hospital,Barrys Bay,ON,45.482208,-77.694697,t,,time_to_physician,current_estimate,f
on_stjosephsgeneralhosp,St. Joseph's General Hospital - Elliot Lake,Elliot Lake,ON,46.384833,-82.660924,t,,time_to_physician,current_estimate,f
on_stjosephshealthcarec,St. Joseph's Healthcare - Charlton Campus,Hamilton,ON,43.240445,-79.884108,t,hamilton,time_to_physician,current_estimate,t
on_stjosephshealthcareh,St. Joseph's Healthcare Hamilton - King Campus,Hamilton,ON,43.220589,-79.774885,t,hamilton,time_to_physician,current_estimate,t
on_stjosephshospitallon,St. Joseph's Hospital - London,London,ON,43.00028,-81.253347,t,,time_to_physician,current_estimate,f
on_stmarysgeneralhospit,St. Mary's General Hospital,Kitchener,ON,43.438288,-80.500798,t,oculys,time_to_physician,current_estimate,t
on_stmichaelshospitalbo,St. Michael's Hospital - Bond St. Site,Toronto,ON,43.653915,-79.377671,t,,time_to_physician,current_estimate,f
on_stratfordgeneralhosp,Stratford General Hospital,Stratford,ON,43.368168,-80.995481,t,,time_to_physician,current_estimate,f
on_strathroymiddlesexge,Strathroy Middlesex General Hospital,Strathroy,ON,42.960938,-81.634696,t,,time_to_physician,current_estimate,f
on_stthomaselgingeneral,St. Thomas - Elgin General Hospital,St Thomas,ON,42.762878,-81.180783,t,,time_to_physician,current_estimate,f
on_sunnybrookhealthscie,Sunnybrook Health Sciences Centre,Toronto,ON,43.7254,-79.3725,t,html_scrape,time_to_physician,current_estimate,t
on_temiskaminghospital,Temiskaming Hospital,New Liskeard,ON,47.495162,-79.693153,t,oculys,time_to_physician,current_estimate,t
on_theottawahospitalciv,the Ottawa Hospital - Civic Campus,Ottawa,ON,45.392579,-75.721436,t,,time_to_physician,current_estimate,f
on_theottawahospitallhp,THE OTTAWA HOSPITAL/L'HÔPITAL D'OTTAWA - GENERAL CAMPUS,Ottawa,ON,45.40172,-75.64694,t,,time_to_physician,current_estimate,f
on_thescarboroughhospit,the Scarborough Hospital - General Campus,Scarborough,ON,43.755734,-79.246831,t,,time_to_physician,current_estimate,f
on_thessalonhospital,Thessalon Hospital,Thessalon,ON,46.263021,-83.562463,t,,time_to_physician,current_estimate,f
on_thunderbayregionalhe,Thunder Bay Regional Health Sciences Centre,Thunder Bay,ON,48.424713,-89.269097,t,,time_to_physician,current_estimate,f
on_tillsonburgdistrictm,Tillsonburg District Memorial Hospital,Tillsonburg,ON,42.863122,-80.734751,t,,time_to_physician,current_estimate,f
on_timminsanddistrictho,TIMMINS AND DISTRICT HOSPITAL/L'HÔPITAL DE TIMMINS ET DU DISTRICT,Timmins,ON,48.487587,-81.313592,t,html_scrape,time_to_physician,current_estimate,t
on_trilliumhealthpartne,Trillium Health Partners - Mississauga Hospital,Mississauga,ON,43.571586,-79.607685,t,trillium,time_to_physician,current_estimate,t
on_queenswayhealthcentr,Trillium Health Partners - Queensway Health Centre,Toronto,ON,43.6165,-79.5557,t,trillium,time_to_physician,current_estimate,t
on_universityhealthnetw,University Health Network - Toronto General Hospital,Toronto,ON,43.659111,-79.388209,t,uhn,time_to_physician,p80,t
on_torontowesternhospital,University Health Network - Toronto Western Hospital,Toronto,ON,43.6535,-79.4103,t,uhn,time_to_physician,p80,t
on_weeneebaykoareahealt,Weeneebayko Area Health Authority - Attawapiskat,Moose Factory,ON,52.924257,-82.427803,t,,time_to_physician,current_estimate,f
on_weeneebaykogeneralho,Weeneebayko General Hospital,Moose Factory,ON,51.249964,-80.616264,t,,time_to_physician,current_estimate,f
on_wellingtonhealthcare,Wellington Health Care Alliance - Palmerston and District Hospital,Palmerston,ON,43.839041,-80.842839,t,,time_to_physician,current_estimate,f
on_westhaldimandgeneral,West Haldimand General Hospital,Hagersville,ON,42.958768,-80.044781,t,,time_to_physician,current_estimate,f
on_westlincolnmemorialh,West Lincoln Memorial Hospital,Grimsby,ON,43.188256,-79.541906,t,hamilton,time_to_physician,current_estimate,t
on_thewestnipissinggene,West Nipissing General Hospital,Sturgeon Falls,ON,46.3722287,-79.9162421,t,,time_to_physician,current_estimate,f
on_westparrysoundhealth,West Parry Sound Health Centre,Parry Sound,ON,45.340743,-80.016767,t,oculys,time_to_physician,current_estimate,t
on_willetturgentcarecen,Willett Urgent Care Centre,Paris,ON,43.193,-80.383,t,bchs_willett,time_to_physician,median,t
on_williamoslerhealthsy,William Osler Health System - Brampton Civic Hospital,Brampton,ON,43.747466,-79.743223,t,osler,time_to_physician,current_estimate,t
on_williamosleretobicok,William Osler Health System - Etobicoke General Hospital,Etobicoke,ON,43.6544,-79.5597,t,osler,time_to_physician,current_estimate,t
on_williamoslerpeelmemo,William Osler Health System - Peel Memorial Centre,Brampton,ON,43.6856,-79.759,t,osler,time_to_physician,current_estimate,t
on_wilsonmemorialgenera,Wilson Memorial General Hospital,Marathon,ON,48.718523,-86.3754,t,,time_to_physician,current_estimate,f
on_winchesterdistrictme,Winchester District Memorial Hospital,Winchester,ON,45.088616,-75.35226,t,,time_to_physician,current_estimate,f
on_windsorregionalmetro,Windsor Regional Hospital - Met Campus,Windsor,ON,42.2917,-83.0108,t,transformsso,time_to_physician,median,t
on_windsorregionalhospi,Windsor Regional Hospital - Ouellette Campus,Windsor,ON,42.308636,-83.031988,t,transformsso,time_to_physician,median,t
on_woodstockgeneralhosp,Woodstock General Hospital,Woodstock,ON,43.106451,-80.753701,t,,time_to_physician,current_estimate,f
pe_kingscountymemorialh,Kings County Memorial Hospital,Montague,PE,46.16934,-62.655768,t,pei_health,unknown,current_estimate,t
pe_princecountyhospital,Prince County Hospital,Summerside,PE,46.41743,-63.773048,t,pei_health,unknown,current_estimate,t
pe_queenelizabethhospit,Queen Elizabeth Hospital,Charlottetown,PE,46.255749,-63.102348,t,pei_health,unknown,current_estimate,t
pe_westernhospital,Western Hospital,Alberton,PE,46.81108,-64.066028,t,pei_health,unknown,current_estimate,t
pe_westernhospitalcorpo,Western Hospital Corporation,Alberton,PE,46.810829,-64.066393,t,,unknown,current_estimate,f
qc_centrederadaptatione,"CENTRE DE RÉADAPTATION EN DÉFICIENCE INTELLECTUELLE, TROUBLE DU SPECTRE DE L'AUTISME ET EN DÉFICIENCE PHYSIQUE THÉRÈSE-MARTIN",Rivière-Ouelle,QC,47.455067,-70.000724,t,,total_visit,current_estimate,t
qc_centrederechercheduc,CENTRE DE RECHERCHE DU CENTRE HOSPITALIER DE L'UNIVERSITÉ DE MONTRÉAL,Montréal,QC,45.510839,-73.555946,t,,total_visit,current_estimate,t
qc_centredesantdechibou,CENTRE DE SANTÉ DE CHIBOUGAMAU,Chibougamau,QC,49.915951,-74.349183,t,qc_quebec,total_visit,current_estimate,t
qc_centredesanteradiss,Centre de santé de Radisson,Radisson,QC,53.834071,-77.42402,t,qc_quebec,time_to_physician,current_estimate,t
qc_centredesantetdeserv,CENTRE DE SANTÉ ET DE SERVICES SOCIAUX DU HAUT-SAINT-MAURICE,La Tuque,QC,47.428451,-72.785692,t,qc_quebec,total_visit,current_estimate,t
qc_centredesantisledieu,CENTRE DE SANTÉ ISLE-DIEU,Matagami,QC,49.756841,-77.628286,t,qc_quebec,total_visit,current_estimate,t
qc_centredesantlebel,CENTRE DE SANTÉ LEBEL,Lebel-Sur-Quévillon,QC,49.05608,-76.983316,t,qc_quebec,total_visit,current_estimate,t
qc_centredesantereneric,CENTRE DE SANTE RENE-RICARD,Chapais,QC,49.780757,-74.854395,t,qc_quebec,total_visit,current_estimate,t
qc_centredesantsaintefa,CENTRE DE SANTÉ SAINTE-FAMILLE,Ville-Marie,QC,47.334412,-79.445831,t,qc_quebec,total_visit,current_estimate,t
qc_centredesanttulattav,CENTRE DE SANTÉ TULATTAVIK DE L'UNGAVA,Kuujjuaq,QC,58.106859,-68.405432,t,,total_visit,current_estimate,f
qc_centredesantvalledel,CENTRE DE SANTÉ VALLÉE-DE-LA-GATINEAU,Maniwaki,QC,46.391071,-75.978757,t,,total_visit,current_estimate,f
qc_centredeservicesambu,CENTRE DE SERVICES AMBULATOIRES DE LÉVIS,Lévis,QC,46.81568,-71.174936,t,,total_visit,current_estimate,t
qc_centredeservicesderi,CENTRE DE SERVICES DE RIVIÈRE-ROUGE,Rivière-Rouge,QC,46.420799,-74.884682,t,qc_quebec,total_visit,current_estimate,t
qc_centredhbergementdel,CENTRE D'HÉBERGEMENT DE L'HÔTEL-DIEU-DE-SAINT-HYACINTHE,Saint-Hyacinthe,QC,45.62572,-72.950032,t,,total_visit,current_estimate,t
qc_chdeforestville,Centre hospitalier de Forestville,Forestville,QC,48.737055,-69.074527,t,qc_quebec,time_to_physician,current_estimate,t
qc_chdecoaticook,Centre hospitalier de la MRC-de-Coaticook,Coaticook,QC,45.135008,-71.812159,t,qc_quebec,time_to_physician,current_estimate,t
qc_centrehospitalierdel,CENTRE HOSPITALIER DE L'UNIVERSITÉ DE MONTRÉAL,Montréal,QC,45.511757,-73.556331,t,qc_quebec,total_visit,current_estimate,t
qc_chdememphremagog,Centre hospitalier de Memphrémagog,Magog,QC,45.265508,-72.144599,t,qc_quebec,time_to_physician,current_estimate,t
qc_centrehospitalierdes,CENTRE HOSPITALIER DE ST. MARY,Montréal,QC,45.495296,-73.624505,t,qc_quebec,total_visit,current_estimate,t
qc_centrehospitaliergat,CENTRE HOSPITALIER GATINEAU MEMORIAL,Wakefield,QC,45.648404,-75.932481,t,,total_visit,current_estimate,f
qc_centrehospitalierrgi,CENTRE HOSPITALIER RÉGIONAL DU GRAND-PORTAGE,Rivière-Du-Loup,QC,47.818479,-69.539923,t,qc_quebec,total_visit,current_estimate,t
qc_centrehospitalierrob,CENTRE HOSPITALIER ROBERT-GIFFARD,Québec City,QC,46.847932,-71.220726,t,,total_visit,current_estimate,t
qc_centrehospitalieruni,CENTRE HOSPITALIER UNIVERSITAIRE SAINTE-JUSTINE,Montréal,QC,45.501148,-73.626124,t,,total_visit,current_estimate,f
qc_cmsssdefermont,Centre multiservices de santé et de services sociaux de Fermont,Fermont,QC,52.796743,-67.090263,t,qc_quebec,time_to_physician,current_estimate,t
qc_cmsssbassecotenord,Centre multiservices de santé et de services sociaux de la Basse-Côte-Nord,Blanc-Sablon,QC,51.411746,-57.203376,t,qc_quebec,time_to_physician,current_estimate,t
qc_centremultiservicesd,CENTRE MULTISERVICES DE SANTÉ ET DE SERVICES SOCIAUX DE LA MINGANIE,Havre-Saint-Pierre,QC,50.237811,-63.605244,t,qc_quebec,total_visit,current_estimate,t
qc_cmsssdeportcartier,Centre multiservices de santé et de services sociaux de Port-Cartier,Port-Cartier,QC,50.023888,-66.894026,t,qc_quebec,time_to_physician,current_estimate,t
qc_cmsssdesescoumins,Centre multiservices de santé et de services sociaux des Escoumins,Les Escoumins,QC,48.351587,-69.407088,t,qc_quebec,time_to_physician,current_estimate,t
qc_urgencedetroispisto,Centre multiservices de santé et de services sociaux de Trois-Pistoles,Trois-Pistoles,QC,48.1329,-69.160563,t,qc_quebec,time_to_physician,current_estimate,t
qc_chchsldclscclophascl,CH - CHSLD - CLSC CLÉOPHAS-CLAVEAU,La Baie,QC,48.337581,-70.879626,t,,total_visit,current_estimate,f
qc_chdeluniversitdemont,CH DE L'UNIVERSITÉ DE MONTRÉAL (CHUM) - HÔPITAL SAINT-LUC,Montréal,QC,45.512315,-73.557714,t,,total_visit,current_estimate,f
qc_chducentredelamauric,CH DU CENTRE-DE-LA-MAURICIE,Shawinigan-Sud,QC,46.525712,-72.743671,t,,total_visit,current_estimate,f
qc_chdugranit,CH DU GRANIT,Lac-Mégantic,QC,45.588749,-70.905799,t,qc_quebec,total_visit,current_estimate,t
qc_chlasarre,CH LA SARRE,La Sarre,QC,48.786456,-79.198577,t,qc_quebec,total_visit,current_estimate,t
qc_chrgionaldetroisrivi,CH RÉGIONAL DE TROIS-RIVIÈRES,Trois-Rivières,QC,46.34747,-72.545669,t,,total_visit,current_estimate,f
qc_chusaintejustine,CHU SAINTE-JUSTINE,Montréal,QC,45.503155,-73.624943,t,qc_quebec,total_visit,current_estimate,t
qc_chushpitalfleurimont,CHUS - HÔPITAL FLEURIMONT,Sherbrooke,QC,45.447736,-71.869027,t,qc_quebec,total_visit,current_estimate,t
qc_chushteldieudesherbr,CHUS - HÔTEL-DIEU DE SHERBROOKE,Sherbrooke,QC,45.398442,-71.877948,t,qc_quebec,total_visit,current_estimate,t
qc_clscavellindalcourt,CLSC Avellin-Dalcourt,Louiseville,QC,46.25555,-72.928898,t,qc_quebec,time_to_physician,current_estimate,t
qc_clscdefortierville,CLSC de Fortierville,Fortierville,QC,46.486331,-72.030386,t,qc_quebec,time_to_physician,current_estimate,t
qc_clscdegrandevalle,CLSC DE GRANDE-VALLÉE,Grande-Vallée,QC,49.227333,-65.10462,t,qc_quebec,total_visit,current_estimate,t
qc_clscmansfieldponte,CLSC de Mansfield-et-Pontefract,Mansfield-et-Pontefract,QC,45.847648,-76.729668,t,qc_quebec,time_to_physician,current_estimate,t
qc_clscdemurdochville,CLSC DE MURDOCHVILLE,Murdochville,QC,48.961323,-65.493545,t,qc_quebec,total_visit,current_estimate,t
qc_clscdepaspebiac,CLSC DE PASPEBIAC,Paspébiac,QC,48.021953,-65.286756,t,qc_quebec,total_visit,current_estimate,t
qc_clscdepohenegamook,CLSC DE POHENEGAMOOK,Pohénégamook,QC,47.489759,-69.281334,t,qc_quebec,total_visit,current_estimate,t
qc_clscdesaintmarcdesca,CLSC DE SAINT-MARC-DES-CARRIERES,Saint-Marc-Des-Carrières,QC,46.68089,-72.049697,t,qc_quebec,total_visit,current_estimate,t
qc_clscdesenneterre,CLSC DE SENNETERRE,Senneterre,QC,48.384388,-77.252997,t,,total_visit,current_estimate,f
qc_clscethpitalleroyer,CLSC ET HÔPITAL LE ROYER,Baie-Comeau,QC,49.190176,-68.252525,t,qc_quebec,total_visit,current_estimate,t
qc_clscpetitenation,CLSC Petite-Nation,Saint-André-Avellin,QC,45.72231,-75.06196,t,qc_quebec,time_to_physician,current_estimate,t
qc_crsssdelabaiejames,CRSSS DE LA BAIE-JAMES,Chibougamau,QC,49.913688,-74.356786,t,,total_visit,current_estimate,f
qc_csssdebeauce,CSSS DE BEAUCE,Saint-Georges,QC,46.110659,-70.683786,t,,total_visit,current_estimate,f
qc_csssdechicoutimi,CSSS DE CHICOUTIMI,Chicoutimi,QC,48.425917,-71.048764,t,,total_visit,current_estimate,f
qc_csssdelacsaintjeanes,CSSS DE LAC-SAINT-JEAN-EST,Alma,QC,48.548021,-71.664643,t,,total_visit,current_estimate,f
qc_csssdelahauteyamaska,CSSS DE LA HAUTE-YAMASKA,Granby,QC,45.412502,-72.722638,t,,total_visit,current_estimate,f
qc_csssleseskersdelabit,CSSS LES ESKERS DE L'ABITIBI,Amos,QC,48.57631,-78.125164,t,,total_visit,current_estimate,f
qc_groupedemdecinedefam,GROUPE DE MÉDECINE DE FAMILLE UNIVERSITAIRE LAURIER,Québec,QC,46.765936,-71.289344,t,,total_visit,current_estimate,t
qc_hpitalannalaberge,HÔPITAL ANNA-LABERGE,Châteauguay,QC,45.345661,-73.763446,t,qc_quebec,total_visit,current_estimate,t
qc_hpitalbarriemmorial,HÔPITAL BARRIE MÉMORIAL,Ormstown,QC,45.126343,-73.999867,t,qc_quebec,total_visit,current_estimate,t
qc_hpitalbromemissisquo,HÔPITAL BROME-MISSISQUOI-PERKINS,Cowansville,QC,45.207084,-72.714415,t,qc_quebec,total_visit,current_estimate,t
qc_hpitalcharleslemoyne,HÔPITAL CHARLES-LE MOYNE,Longueuil,QC,45.497266,-73.486423,t,qc_quebec,total_visit,current_estimate,t
qc_hpitalchauveau,HÔPITAL CHAUVEAU,Québec,QC,46.853199,-71.369963,t,qc_quebec,total_visit,current_estimate,t
qc_hpitalchristroi,HÔPITAL CHRIST-ROI,Québec City,QC,46.811356,-71.258375,t,,total_visit,current_estimate,f
qc_hpitalclscetcentredh,"HÔPITAL, CLSC ET CENTRE D'HÉBERGEMENT D'ASBESTOS",Asbestos,QC,45.771765,-71.926081,t,qc_quebec,total_visit,current_estimate,t
qc_hpitaldalma,HÔPITAL D'ALMA,Alma,QC,48.55062,-71.665075,t,qc_quebec,total_visit,current_estimate,t
qc_hpitaldamos,HÔPITAL D'AMOS,Amos,QC,48.574532,-78.125459,t,qc_quebec,total_visit,current_estimate,t
qc_hpitaldamqui,HÔPITAL D'AMQUI,Amqui,QC,48.468477,-67.419325,t,qc_quebec,total_visit,current_estimate,t
qc_hpitaldebaiesaintpau,HÔPITAL DE BAIE-SAINT-PAUL,Baie-Saint-Paul,QC,47.439825,-70.51209,t,qc_quebec,total_visit,current_estimate,t
qc_hpitaldechandler,HÔPITAL DE CHANDLER,Chandler,QC,48.354823,-64.67168,t,qc_quebec,total_visit,current_estimate,t
qc_hpitaldechicoutimi,HÔPITAL DE CHICOUTIMI,Saguenay,QC,48.425975,-71.048599,t,qc_quebec,total_visit,current_estimate,t
qc_hpitaldechisasibi,HÔPITAL DE CHISASIBI,Chisasibi,QC,53.783844,-78.891546,t,,total_visit,current_estimate,f
qc_hpitaldedolbeaumista,HÔPITAL DE DOLBEAU-MISTASSINI,Dolbeau-Mistassini,QC,48.885835,-72.239367,t,qc_quebec,total_visit,current_estimate,t
qc_hpitaldegasp,HÔPITAL DE GASPÉ,Gaspé,QC,48.812942,-64.496646,t,qc_quebec,total_visit,current_estimate,t
qc_hpitaldegatineau,HÔPITAL DE GATINEAU,Gatineau,QC,45.493296,-75.691064,t,qc_quebec,total_visit,current_estimate,t
qc_hpitaldegranby,HÔPITAL DE GRANBY,Granby,QC,45.410592,-72.722956,t,qc_quebec,total_visit,current_estimate,t
qc_hpitaldehull,HÔPITAL DE HULL,Gatineau,QC,45.444873,-75.746033,t,qc_quebec,total_visit,current_estimate,t
qc_hpitaldelabaie,HÔPITAL DE LA BAIE,Saguenay,QC,48.343909,-70.883162,t,qc_quebec,total_visit,current_estimate,t
qc_hpitaldelachine,HÔPITAL DE LACHINE,Montréal,QC,45.440835,-73.676985,t,qc_quebec,total_visit,current_estimate,t
qc_hopitaldelachute,Hôpital de Lachute,Lachute,QC,45.66198,-74.352995,t,qc_quebec,time_to_physician,current_estimate,t
qc_hpitaldelacitdelasan,HÔPITAL DE LA CITÉ-DE-LA-SANTÉ,Laval,QC,45.603319,-73.710819,t,qc_quebec,total_visit,current_estimate,t
qc_hpitaldelamalbaie,HÔPITAL DE LA MALBAIE,La Malbaie,QC,47.65619,-70.151741,t,qc_quebec,total_visit,current_estimate,t
qc_hpitaldelanaudireetc,HÔPITAL DE LANAUDIÈRE ET CENTRE D'HÉBERGEMENT PARPHILIA-FERLAND,Saint-Charles-Borromée,QC,46.039277,-73.457012,t,qc_quebec,total_visit,current_estimate,t
qc_hpitaldelarchipel,HÔPITAL DE L'ARCHIPEL,Les Îles-De-La-Madeleine,QC,47.375575,-61.868773,t,qc_quebec,total_visit,current_estimate,t
qc_hpitaldelasalle,HÔPITAL DE LASALLE,Montréal,QC,45.420839,-73.623371,t,qc_quebec,total_visit,current_estimate,t
qc_hpitaldelenfantjsus,HÔPITAL DE L'ENFANT-JÉSUS,Québec City,QC,46.837483,-71.22604,t,qc_quebec,total_visit,current_estimate,t
qc_hpitaldemaniwaki,HÔPITAL DE MANIWAKI,Maniwaki,QC,46.39085,-75.979405,t,qc_quebec,total_visit,current_estimate,t
qc_hpitaldemaria,HÔPITAL DE MARIA,Maria,QC,48.169149,-65.993516,t,qc_quebec,total_visit,current_estimate,t
qc_hpitaldematane,HÔPITAL DE MATANE,Matane,QC,48.843566,-67.524416,t,qc_quebec,total_visit,current_estimate,t
qc_hpitaldemontlaurier,HÔPITAL DE MONT-LAURIER,Mont-Laurier,QC,46.549211,-75.517655,t,qc_quebec,total_visit,current_estimate,t
qc_hpitaldenotredamedul,HÔPITAL DE NOTRE-DAME-DU-LAC,Témiscouata-Sur-Le-Lac,QC,47.612369,-68.799268,t,qc_quebec,total_visit,current_estimate,t
qc_hpitalderouynnoranda,HÔPITAL DE ROUYN-NORANDA,Rouyn-Noranda,QC,48.243809,-79.019318,t,qc_quebec,total_visit,current_estimate,t
qc_hpitaldesainteannede,HÔPITAL DE SAINTE-ANNE-DE-BEAUPRÉ,Beaupré,QC,47.04274,-70.900195,t,qc_quebec,total_visit,current_estimate,t
qc_hopitalsainteannem,Hôpital de Sainte-Anne-des-Monts,Sainte-Anne-des-Monts,QC,49.118995,-66.48458,t,qc_quebec,time_to_physician,current_estimate,t
qc_hpitaldesainteustach,HÔPITAL DE SAINT-EUSTACHE,Saint-Eustache,QC,45.571266,-73.913739,t,qc_quebec,total_visit,current_estimate,t
qc_hpitaldesaintgeorges,HÔPITAL DE SAINT-GEORGES,Saint-Georges,QC,46.109716,-70.685194,t,qc_quebec,total_visit,current_estimate,t
qc_hpitaldesaintjrme,HÔPITAL DE SAINT-JÉRÔME,Saint-Jérôme,QC,45.765569,-74.000191,t,qc_quebec,total_visit,current_estimate,t
qc_hopitaldthetfordmine,Hôpital de Thetford,Thetford Mines,QC,46.1101,-71.2786,t,qc_quebec,total_visit,current_estimate,t
qc_hopitaldevaldor,Hôpital de Val-d'Or,Val-d'Or,QC,48.096257,-77.797038,t,qc_quebec,time_to_physician,current_estimate,t
qc_hpitaldeverdun,HÔPITAL DE VERDUN,Montréal,QC,45.464098,-73.563989,t,qc_quebec,total_visit,current_estimate,t
qc_hpitalducentredelama,HÔPITAL DU CENTRE-DE-LA-MAURICIE,Shawinigan,QC,46.525584,-72.743393,t,qc_quebec,total_visit,current_estimate,t
qc_hpitalduchristroi,HÔPITAL DU CHRIST-ROI,Nicolet,QC,46.2306,-72.626773,t,qc_quebec,total_visit,current_estimate,t
qc_hpitalduhautrichelie,HÔPITAL DU HAUT-RICHELIEU,Saint-Jean-Sur-Richelieu,QC,45.332523,-73.270212,t,qc_quebec,total_visit,current_estimate,t
qc_hpitaldusacrcurdemon,HÔPITAL DU SACRÉ-CUR DE MONTRÉAL,Montréal,QC,45.532578,-73.714036,t,qc_quebec,total_visit,current_estimate,t
qc_hpitaldusaintsacreme,HÔPITAL DU SAINT-SACREMENT,Québec,QC,46.799357,-71.246411,t,qc_quebec,total_visit,current_estimate,t
qc_hpitaldusurot,HÔPITAL DU SUROÎT,Salaberry-De-Valleyfield,QC,45.250926,-74.130708,t,qc_quebec,total_visit,current_estimate,t
qc_hpitalensantmentalea,HÔPITAL EN SANTÉ MENTALE ALBERT-PRÉVOST,Montréal,QC,45.529026,-73.729041,t,qc_quebec,total_visit,current_estimate,t
qc_hpitaletcentrederada,HÔPITAL ET CENTRE DE RÉADAPTATION DE JONQUIÈRE,Saguenay,QC,48.413598,-71.235131,t,qc_quebec,total_visit,current_estimate,t
qc_hpitaletchslddepapin,HÔPITAL ET CHSLD DE PAPINEAU,Gatineau,QC,45.588572,-75.411481,t,qc_quebec,total_visit,current_estimate,t
qc_hpitaletchsldduponti,HÔPITAL ET CHSLD DU PONTIAC,Shawville,QC,45.605968,-76.484009,t,qc_quebec,total_visit,current_estimate,t
qc_hpitaletchsldmmorial,HÔPITAL ET CHSLD MÉMORIAL DE WAKEFIELD / WAKEFIELD MEMORIAL HOSPITAL,La Pêche,QC,45.648575,-75.932482,t,qc_quebec,total_visit,current_estimate,t
qc_hpitaletclscdeseptle,HÔPITAL ET CLSC DE SEPT-ÎLES,Sept-Îles,QC,50.209826,-66.383983,t,qc_quebec,total_visit,current_estimate,t
qc_hpitalfleury,HÔPITAL FLEURY,Montréal,QC,45.57181,-73.650367,t,qc_quebec,total_visit,current_estimate,t
qc_hpitalgnraldemontral,HÔPITAL GÉNÉRAL DE MONTRÉAL,Montréal,QC,45.497046,-73.589036,t,qc_quebec,total_visit,current_estimate,t
qc_hpitalgnraldulakesho,HÔPITAL GÉNÉRAL DU LAKESHORE,Pointe-Claire,QC,45.44855,-73.833668,t,qc_quebec,total_visit,current_estimate,t
qc_hpitalgnraljuif,HÔPITAL GÉNÉRAL JUIF,Montréal,QC,45.495761,-73.630634,t,qc_quebec,total_visit,current_estimate,t
qc_hpitalhonormercier,HÔPITAL HONORÉ-MERCIER,Saint-Hyacinthe,QC,45.634833,-72.959476,t,qc_quebec,total_visit,current_estimate,t
qc_hpitalierrichelieu,HÔPITALIER RICHELIEU,Sorel-Tracy,QC,46.04555,-73.093519,t,,total_visit,current_estimate,f
qc_hpitaljeantalon,HÔPITAL JEAN-TALON,Montréal,QC,45.545943,-73.609538,t,qc_quebec,total_visit,current_estimate,t
qc_hpitallaurentien,HÔPITAL LAURENTIEN,Sainte-Agathe-Des-Monts,QC,46.05517,-74.288947,t,qc_quebec,total_visit,current_estimate,t
qc_hpitallaval,HÔPITAL LAVAL,Sainte-Foy,QC,46.779119,-71.297602,t,qc_quebec,total_visit,current_estimate,t
qc_hpitalmaisonneuveros,HÔPITAL MAISONNEUVE-ROSEMONT,Montréal,QC,45.574065,-73.559548,t,qc_quebec,total_visit,current_estimate,t
qc_hpitalneurologiquede,HÔPITAL NEUROLOGIQUE DE MONTRÉAL,Montréal,QC,45.508956,-73.581396,t,,total_visit,current_estimate,f
qc_hpitalnotredame,HÔPITAL NOTRE-DAME,Montréal,QC,45.525358,-73.56356,t,qc_quebec,total_visit,current_estimate,t
qc_hpitalnotredamedefat,HÔPITAL NOTRE-DAME-DE-FATIMA,La Pocatière,QC,47.37183,-70.026167,t,qc_quebec,total_visit,current_estimate,t
qc_hopitalpaulgilbert,Hôpital Paul-Gilbert,Lévis,QC,46.725137,-71.259154,t,qc_quebec,time_to_physician,current_estimate,t
qc_hpitalpierreboucher,HÔPITAL PIERRE-BOUCHER,Longueuil,QC,45.5383,-73.458792,t,qc_quebec,total_visit,current_estimate,t
qc_hpitalpierrelegardeu,HÔPITAL PIERRE-LE GARDEUR,Terrebonne,QC,45.723978,-73.510536,t,qc_quebec,total_visit,current_estimate,t
qc_hpitalrgionaldeportn,HÔPITAL RÉGIONAL DE PORTNEUF CLSC DE SAINT-RAYMOND,Saint-Raymond,QC,46.894933,-71.822153,t,qc_quebec,total_visit,current_estimate,t
qc_hpitalrgionalderimou,HÔPITAL RÉGIONAL DE RIMOUSKI,Rimouski,QC,48.447043,-68.530496,t,qc_quebec,total_visit,current_estimate,t
qc_hpitalroyalvictoria,HÔPITAL ROYAL VICTORIA,Montréal,QC,45.5082,-73.581456,t,qc_quebec,total_visit,current_estimate,t
qc_hpitalsaintecroix,HÔPITAL SAINTE-CROIX,Drummondville,QC,45.880009,-72.477304,t,qc_quebec,total_visit,current_estimate,t
qc_hpitalsaintfranoisda,HÔPITAL SAINT-FRANÇOIS DASSISE,Québec,QC,46.827533,-71.236389,t,qc_quebec,total_visit,current_estimate,t
qc_hpitalsantacabrini,HÔPITAL SANTA CABRINI,Montréal,QC,45.580138,-73.571719,t,qc_quebec,total_visit,current_estimate,t
qc_hteldieudarthabaska,HÔTEL-DIEU D'ARTHABASKA,Victoriaville,QC,46.040622,-71.914983,t,qc_quebec,total_visit,current_estimate,t
qc_hteldieudelvis,HÔTEL-DIEU DE LÉVIS,Lévis,QC,46.814863,-71.177405,t,qc_quebec,total_visit,current_estimate,t
qc_hteldieudemontmagny,HÔTEL-DIEU DE MONTMAGNY,Montmagny,QC,46.976367,-70.597072,t,qc_quebec,total_visit,current_estimate,t
qc_hteldieudesorel,HÔTEL-DIEU DE SOREL,Sorel-Tracy,QC,46.045811,-73.095633,t,qc_quebec,total_visit,current_estimate,t
qc_institutdecardiologi,INSTITUT DE CARDIOLOGIE DE MONTRÉAL,Montréal,QC,45.573763,-73.577817,t,qc_quebec,total_visit,current_estimate,t
qc_institutuniversitair,INSTITUT UNIVERSITAIRE DE GÉRIATRIE DE MONTRÉAL,Montréal,QC,45.491031,-73.623817,t,,total_visit,current_estimate,t
qc_iusmdemontreal,Institut universitaire en santé mentale de Montréal,Montréal,QC,45.588799,-73.53063,t,qc_quebec,time_to_physician,current_estimate,t
qc_iusmdouglas,Institut universitaire en santé mentale Douglas,Montréal,QC,45.442554,-73.585721,t,qc_quebec,time_to_physician,current_estimate,t
qc_lhpitaldemontralpour,L'HÔPITAL DE MONTRÉAL POUR ENFANTS,Montréal,QC,45.488959,-73.582312,t,qc_quebec,total_visit,current_estimate,t
qc_pavilloncentrehospit,PAVILLON CENTRE HOSPITALIER DE L'UNIVERSITÉ LAVAL,Québec,QC,46.767873,-71.282342,t,qc_quebec,total_visit,current_estimate,t
qc_pavillonlhteldieudeq,PAVILLON L'HÔTEL-DIEU DE QUÉBEC,Québec,QC,46.81539,-71.210994,t,qc_quebec,total_visit,current_estimate,t
qc_pavillonracheltourig,PAVILLON RACHEL-TOURIGNY,Montréal,QC,45.574003,-73.556831,t,,total_visit,current_estimate,f
qc_pavillonrosemont,PAVILLON ROSEMONT,Montréal,QC,45.577463,-73.562116,t,,total_visit,current_estimate,f
qc_pavillonsaintemarie,Pavillon Sainte-Marie,Trois-Rivières,QC,46.354831,-72.561576,t,qc_quebec,time_to_physician,current_estimate,t
qc_pointdeservicedetmis,POINT DE SERVICE DE TÉMISCAMING-ET-DE-KIPAWA,Témiscaming,QC,46.725735,-79.094112,t,qc_quebec,total_visit,current_estimate,t
qc_siteglen,SITE GLEN,Montréal,QC,45.473377,-73.600886,t,,total_visit,current_estimate,f
sk_allnationshealinghos,All Nations' Healing Hospital,Fort Quappelle,SK,50.761689,-103.787009,t,,time_to_physician,current_estimate,f
sk_arcolahealthcentre,Arcola Health Centre,Arcola,SK,49.637818,-102.484603,t,sk_sha_llm,time_to_physician,current_estimate,f
sk_assiniboiaunionhospi,Assiniboia Union Hospital,Assiniboia,SK,49.628594,-105.983248,t,sk_sha_llm,time_to_physician,current_estimate,f
sk_battlefordsunionhosp,Battlefords Union Hospital,North Battleford,SK,52.771802,-108.288771,t,,time_to_physician,current_estimate,f
sk_biggaranddistricthea,Biggar and District Health Centre,Biggar,SK,52.05738,-107.996219,t,,time_to_physician,current_estimate,f
sk_biggarhospital,Biggar Hospital,Biggar,SK,52.056675,-107.996869,t,sk_sha_llm,time_to_physician,current_estimate,f
sk_canorahospital,Canora Hospital,Canora,SK,51.626261,-102.439565,t,sk_sha_llm,time_to_physician,current_estimate,f
sk_cypressregionalhospi,Cypress Regional Hospital,Swift Current,SK,50.311026,-107.775948,t,,time_to_physician,current_estimate,f
sk_drfhwigmoreregionalh,Dr. f.h. Wigmore Regional Hospital,Moose Jaw,SK,50.419139,-105.525048,t,,time_to_physician,current_estimate,f
sk_herbertdistrictinteg,Herbert & District Integrated Health Facility,Herbert,SK,50.426304,-107.218885,t,sk_sha_llm,time_to_physician,current_estimate,f
sk_hudsonbayhealthcaref,Hudson Bay Health Care Facility,Hudson Bay,SK,52.853926,-102.387622,t,sk_sha_llm,time_to_physician,current_estimate,f
sk_indianheadunionhospi,Indian Head Union Hospital,Indian Head,SK,50.536462,-103.678507,t,,time_to_physician,current_estimate,f
sk_jimpattisonchildrens,Jim Pattison Children's Hospital,Saskatoon,SK,52.131555,-106.64194,t,,time_to_physician,current_estimate,f
sk_kamsackhospitalandnu,Kamsack Hospital and Nursing Home,Kamsack,SK,51.556726,-101.887773,t,sk_sha_llm,time_to_physician,current_estimate,f
sk_kelvingtonhospital,Kelvington Hospital,Kelvington,SK,52.158065,-103.526917,t,,time_to_physician,current_estimate,f
sk_kerroberthospital,Kerrobert Hospital,Kerrobert,SK,51.913666,-109.131866,t,sk_sha_llm,time_to_physician,current_estimate,f
sk_kerrobertintegratedh,Kerrobert Integrated Health Centre,Kerrobert,SK,51.917673,-109.14045,t,,time_to_physician,current_estimate,f
sk_kindersleyhospital,Kindersley Hospital,Kindersley,SK,51.470908,-109.164454,t,,time_to_physician,current_estimate,f
sk_lakehealthcentrespec,Lake Health Centre & Special Care Home,Loon Lake,SK,54.027538,-109.158882,t,,time_to_physician,current_estimate,f
sk_laniganhospital,Lanigan Hospital,Lanigan,SK,51.851472,-105.023947,t,sk_sha_llm,time_to_physician,current_estimate,f
sk_larongehealthcentre,LA RONGE HEALTH CENTRE,La Ronge,SK,55.105254,-105.28969,t,,time_to_physician,current_estimate,f
sk_leaderhospital,Leader Hospital,Leader,SK,50.890964,-109.541368,t,,time_to_physician,current_estimate,f
sk_lloydminsterhospital,Lloydminster Hospital,Lloydminster,SK,53.272631,-109.989527,t,,time_to_physician,current_estimate,f
sk_maplecreekhospital,Maple Creek Hospital,Maple Creek,SK,49.90328,-109.49,t,,time_to_physician,current_estimate,f
sk_meadowlakehospital,Meadow Lake Hospital,Meadow Lake,SK,54.123569,-108.434736,t,,time_to_physician,current_estimate,f
sk_melforthospital,Melfort Hospital,Melfort,SK,52.865784,-104.614632,t,,time_to_physician,current_estimate,f
sk_moosejawunionhospita,Moose Jaw Union Hospital,Moose Jaw,SK,50.39248,-105.524687,t,,time_to_physician,current_estimate,f
sk_nipawinhealthcarefac,Nipawin Health Care Facility,Nipawin,SK,53.356182,-104.004036,t,,time_to_physician,current_estimate,f
sk_nipawinhospital,Nipawin Hospital,Nipawin,SK,53.355955,-104.00388,t,,time_to_physician,current_estimate,f
sk_outlookhospital,Outlook Hospital,Outlook,SK,51.483632,-107.062979,t,sk_sha_llm,time_to_physician,current_estimate,f
sk_pasquahospital,Pasqua Hospital,Regina,SK,50.454433,-104.638463,t,,time_to_physician,current_estimate,f
sk_porcupinecarraganaho,Porcupine Carragana Hospital,Porcupine Plain,SK,52.596679,-103.262613,t,sk_sha_llm,time_to_physician,current_estimate,f
sk_radvillemarianhealth,Radville Marian Health Centre,Radville,SK,49.46414,-104.305331,t,sk_sha_llm,time_to_physician,current_estimate,f
sk_redvershealthcentre,Redvers Health Centre,Redvers,SK,49.572789,-101.694417,t,sk_sha_llm,time_to_physician,current_estimate,f
sk_reginageneralhospita,Regina General Hospital,Regina,SK,50.443965,-104.600994,t,,time_to_physician,current_estimate,f
sk_rosetownanddistricth,Rosetown and District Health Centre,Rosetown,SK,51.551089,-107.997869,t,sk_sha_llm,time_to_physician,current_estimate,f
sk_rosthernhospital,Rosthern Hospital,Rosthern,SK,52.666581,-106.333266,t,sk_sha_llm,time_to_physician,current_estimate,f
sk_royaluniversityhospi,Royal University Hospital (Ruh),Saskatoon,SK,52.130843,-106.641547,t,,time_to_physician,current_estimate,f
sk_shellbrookhospital,Shellbrook Hospital,Shellbrook,SK,53.218535,-106.401225,t,,time_to_physician,current_estimate,f
sk_southeastintegratedc,Southeast Integrated Care Centre  Moosomin,Moosomin,SK,50.136107,-101.656361,t,,time_to_physician,current_estimate,f
sk_stanthonyshospital,St. Anthony's Hospital,Esterhazy,SK,50.650487,-102.084143,t,sk_sha_llm,time_to_physician,current_estimate,f
sk_stjosephshospital,St. Joseph's Hospital,Estevan,SK,49.152536,-103.012175,t,,time_to_physician,current_estimate,f
sk_stjosephshospitalgra,St. Joseph's Hospital - Gravelbourg,Gravelbourg,SK,49.874277,-106.562923,t,,time_to_physician,current_estimate,f
sk_stpaulshospital,St. Paul's Hospital,Saskatoon,SK,52.126313,-106.696366,t,,time_to_physician,current_estimate,f
sk_stpetershospital,St. Peters Hospital,Melville,SK,50.93768,-102.820511,t,sk_sha_llm,time_to_physician,current_estimate,f
sk_victoriahospital,Victoria Hospital,Prince Albert,SK,53.192095,-105.784059,t,,time_to_physician,current_estimate,f
sk_wadenahospital,Wadena Hospital,Wadena,SK,51.95192,-103.794314,t,sk_sha_llm,time_to_physician,current_estimate,f
sk_wawotamemorialhealth,Wawota Memorial Health Centre,Wawota,SK,49.906002,-102.022331,t,,time_to_physician,current_estimate,f
sk_wolseleymemorialinte,Wolseley Memorial Integrated Health Centre,Wolseley,SK,50.426631,-103.268527,t,sk_sha_llm,time_to_physician,current_estimate,f
sk_wynyardhospital,Wynyard Hospital,Wynyard,SK,51.767501,-104.167621,t,sk_sha_llm,time_to_physician,current_estimate,f
yt_dawsoncitycommunityh,Dawson City Community Hospital,Dawson City,YT,64.05664,-139.434,t,,time_to_physician,current_estimate,f
yt_watsonlakecommunityh,Watson Lake Community Hospital,Watson Lake,YT,60.07049,-128.71,t,,time_to_physician,current_estimate,f
yt_whitehorsegeneralhos,Whitehorse General Hospital,Whitehorse,YT,60.71926,-135.044,t,,time_to_physician,current_estimate,f
